capframe,delivered,crc_ok,seq,words,seq_expected
270,1,1,53847,191,53847
271,1,1,53848,191,53848
272,1,1,53849,191,53849
273,1,1,53850,191,53850
274,1,1,53851,191,53851
275,1,1,53852,191,53852
276,1,1,53853,191,53853
277,1,1,53854,191,53854
278,1,1,53855,191,53855
279,1,1,53856,191,53856
280,1,1,53857,191,53857
281,1,1,53858,191,53858
282,1,1,53859,191,53859
283,1,1,53860,191,53860
284,1,1,53861,191,53861
285,1,1,53862,191,53862
286,1,1,53863,191,53863
287,1,1,53864,191,53864
288,1,1,53865,191,53865
289,1,1,53866,191,53866
290,1,1,53867,191,53867
291,1,1,53868,191,53868
292,1,1,53869,191,53869
293,1,1,53870,191,53870
294,1,1,53871,191,53871
295,1,1,53872,191,53872
296,1,1,53873,191,53873
297,1,1,53874,191,53874
298,1,1,53875,191,53875
299,1,1,53876,191,53876
300,1,0,-1,191,53877
301,1,1,53877,191,53878
302,1,1,53879,191,53879
303,1,1,53880,191,53880
304,1,1,53881,191,53881
305,1,1,53882,191,53882
306,1,1,53883,191,53883
307,1,1,53884,191,53884
308,1,1,53885,191,53885
309,1,1,53886,191,53886
310,1,1,53887,191,53887
311,1,1,53888,191,53888
312,1,1,53889,191,53889
313,1,1,53890,191,53890
314,1,1,53891,191,53891
315,1,1,53892,191,53892
316,1,1,53893,191,53893
317,1,1,53894,191,53894
318,1,1,53895,191,53895
319,1,1,53896,191,53896
320,1,1,53897,191,53897
321,1,1,53898,191,53898
322,1,1,53901,191,53899
323,1,1,53902,191,53900
324,1,1,53903,191,53901
325,1,1,53904,191,53902
326,1,1,53905,191,53903
327,1,1,53906,191,53904
328,1,1,53907,191,53905
329,1,1,53908,191,53906
330,1,0,-1,191,53907
331,1,1,53909,191,53908
332,1,1,53910,191,53909
333,1,1,53911,191,53910
334,1,1,53912,191,53911
335,1,1,53913,191,53912
336,1,1,53914,191,53913
337,1,1,53915,191,53914
338,1,1,53916,191,53915
339,1,1,53917,191,53916
340,1,1,53918,191,53917
341,1,1,53919,191,53918
342,1,1,53920,191,53919
343,1,1,53921,191,53920
344,1,1,53922,191,53921
345,1,1,53923,191,53922
346,1,1,53924,191,53923
347,1,1,53925,191,53924
348,1,1,53926,191,53925
349,1,1,53927,191,53926
350,0,0,-1,0,53927
400,1,1,53978,191,53977
401,1,1,53979,191,53978
402,1,1,53980,191,53979
403,1,1,53981,191,53980
404,1,1,53982,191,53981
405,1,1,53983,191,53982
406,1,1,53984,191,53983
407,1,1,53985,191,53984
408,1,1,53986,191,53985
409,1,1,53987,191,53986
410,1,1,53988,191,53987
411,1,1,53989,191,53988
412,1,1,53990,191,53989
413,1,1,53991,191,53990
414,1,1,53992,191,53991
415,1,1,53993,191,53992
416,1,1,53994,191,53993
417,1,1,53995,191,53994
418,1,1,53996,191,53995
419,1,1,53997,191,53996
420,1,1,53998,191,53997
421,1,1,53999,191,53998
422,1,1,54000,191,53999
423,1,1,54001,191,54000
424,1,1,54002,191,54001
425,1,1,54003,191,54002
426,1,1,54004,191,54003
427,1,1,54005,191,54004
428,1,1,54006,191,54005
429,1,1,54007,191,54006
430,1,1,54008,191,54007
431,1,1,54009,191,54008
432,1,1,54010,191,54009
433,1,1,54011,191,54010
434,1,1,54012,191,54011
435,1,1,54013,191,54012
436,1,1,54014,191,54013
437,1,1,54015,191,54014
438,1,1,54016,191,54015
439,1,1,54017,191,54016
440,1,1,54018,191,54017
441,1,1,54019,191,54018
442,1,1,54020,191,54019
443,1,1,54021,191,54020
444,1,1,54022,191,54021
445,1,1,54023,191,54022
446,1,1,54024,191,54023
447,1,1,54025,191,54024
448,1,1,54026,191,54025
449,1,1,54027,191,54026
450,1,1,54028,191,54027
451,1,1,54029,191,54028
452,1,1,54030,191,54029
453,1,1,54031,191,54030
454,1,1,54032,191,54031
455,1,1,54033,191,54032
456,1,1,54034,191,54033
457,1,1,54035,191,54034
458,1,1,54036,191,54035
459,1,1,54037,191,54036
460,1,1,54038,191,54037
461,1,1,54039,191,54038
462,1,1,54040,191,54039
463,1,1,54041,191,54040
464,1,1,54042,191,54041
465,1,1,54043,191,54042
466,1,1,54044,191,54043
467,1,1,54045,191,54044
468,1,1,54046,191,54045
469,0,0,-1,0,54046
470,1,1,54048,191,54047
471,1,1,54049,191,54048
472,1,1,54050,191,54049
473,1,1,54051,191,54050
474,1,1,54052,191,54051
475,1,1,54053,191,54052
476,1,1,54054,191,54053
477,1,1,54055,191,54054
478,1,1,54056,191,54055
479,1,1,54057,191,54056
480,1,1,54058,191,54057
481,1,1,54059,191,54058
482,1,1,54060,191,54059
483,1,1,54061,191,54060
484,1,1,54062,191,54061
485,1,1,54063,191,54062
486,1,1,54064,191,54063
487,1,1,54065,191,54064
488,1,1,54066,191,54065
489,1,1,54067,191,54066
490,1,1,54068,191,54067
491,1,1,54069,191,54068
492,1,1,54070,191,54069
493,1,1,54071,191,54070
494,1,1,54072,191,54071
495,1,1,54073,191,54072
496,1,1,54074,191,54073
497,1,1,54075,191,54074
498,1,1,54076,191,54075
499,1,1,54077,191,54076
500,1,1,54078,191,54077
501,1,1,54079,191,54078
502,1,1,54080,191,54079
503,1,1,54081,191,54080
504,1,1,54082,191,54081
505,1,1,54083,191,54082
506,1,1,54084,191,54083
507,1,1,54085,191,54084
508,1,1,54086,191,54085
509,1,1,54087,191,54086
510,1,1,54088,191,54087
511,1,1,54089,191,54088
512,1,1,54090,191,54089
513,1,1,54091,191,54090
514,1,1,54092,191,54091
515,1,1,54093,191,54092
516,1,1,54094,191,54093
517,1,1,54095,191,54094
518,1,1,54096,191,54095
519,1,1,54097,191,54096
520,1,1,54098,191,54097
521,1,1,54099,191,54098
522,1,1,54100,191,54099
523,1,1,54101,191,54100
524,1,1,54102,191,54101
525,1,1,54103,191,54102
526,1,1,54104,191,54103
527,1,1,54105,191,54104
528,1,1,54106,191,54105
529,1,1,54107,191,54106
530,1,1,54108,191,54107
531,1,1,54109,191,54108
532,1,1,54110,191,54109
533,1,1,54111,191,54110
534,1,1,54112,191,54111
535,1,1,54113,191,54112
536,1,1,54114,191,54113
537,1,1,54115,191,54114
538,1,1,54116,191,54115
539,0,0,-1,0,54116
540,1,1,54118,191,54117
541,1,1,54119,191,54118
542,1,1,54120,191,54119
543,1,1,54121,191,54120
544,1,1,54122,191,54121
545,1,1,54123,191,54122
546,1,1,54124,191,54123
547,1,1,54125,191,54124
548,1,1,54126,191,54125
549,1,1,54127,191,54126
550,1,1,54128,191,54127
551,1,1,54129,191,54128
552,1,1,54130,191,54129
553,1,1,54131,191,54130
554,1,1,54132,191,54131
555,1,1,54133,191,54132
556,1,1,54134,191,54133
557,1,1,54135,191,54134
558,1,1,54136,191,54135
559,1,1,54137,191,54136
560,1,1,54138,191,54137
561,1,1,54139,191,54138
562,1,1,54140,191,54139
563,1,1,54141,191,54140
564,1,1,54142,191,54141
565,1,1,54143,191,54142
566,1,1,54144,191,54143
567,1,1,54145,191,54144
568,1,1,54146,191,54145
569,1,1,54147,191,54146
570,1,1,54148,191,54147
571,1,1,54149,191,54148
572,1,1,54150,191,54149
573,1,1,54151,191,54150
574,1,1,54152,191,54151
575,1,1,54153,191,54152
576,1,1,54154,191,54153
577,1,1,54155,191,54154
578,1,1,54156,191,54155
579,1,1,54157,191,54156
580,1,1,54158,191,54157
581,1,1,54159,191,54158
582,1,1,54160,191,54159
583,1,1,54161,191,54160
584,1,1,54162,191,54161
585,1,1,54163,191,54162
586,1,1,54164,191,54163
587,1,1,54165,191,54164
588,1,1,54166,191,54165
589,1,1,54167,191,54166
590,1,1,54168,191,54167
591,1,1,54169,191,54168
592,1,1,54170,191,54169
593,1,1,54171,191,54170
594,1,1,54172,191,54171
595,1,1,54173,191,54172
596,1,1,54174,191,54173
597,1,1,54175,191,54174
598,1,1,54176,191,54175
599,1,1,54177,191,54176
600,1,1,54178,191,54177
601,1,1,54179,191,54178
602,1,1,54180,191,54179
603,1,1,54181,191,54180
604,1,1,54182,191,54181
605,1,1,54183,191,54182
606,1,1,54184,191,54183
607,1,1,54185,191,54184
608,1,1,54186,191,54185
609,1,1,54187,191,54186
610,1,1,54188,191,54187
611,1,1,54189,191,54188
612,1,1,54190,191,54189
613,1,1,54191,191,54190
614,1,1,54192,191,54191
615,1,1,54193,191,54192
616,1,1,54194,191,54193
617,1,1,54195,191,54194
618,1,1,54196,191,54195
619,1,1,54197,191,54196
620,1,1,54198,191,54197
621,1,1,54199,191,54198
622,1,1,54200,191,54199
623,1,1,54201,191,54200
624,1,1,54202,191,54201
625,1,1,54203,191,54202
626,1,1,54204,191,54203
627,1,1,54205,191,54204
628,1,1,54206,191,54205
629,1,1,54207,191,54206
630,1,1,54208,191,54207
631,1,1,54209,191,54208
632,1,1,54210,191,54209
633,1,1,54211,191,54210
634,1,1,54212,191,54211
635,1,1,54213,191,54212
636,1,1,54214,191,54213
637,1,1,54215,191,54214
638,1,1,54216,191,54215
639,1,1,54217,191,54216
640,1,1,54218,191,54217
641,1,1,54219,191,54218
642,1,1,54220,191,54219
643,1,1,54221,191,54220
644,1,1,54222,191,54221
645,1,1,54223,191,54222
646,1,1,54224,191,54223
647,1,1,54225,191,54224
648,1,1,54226,191,54225
649,1,1,54227,191,54226
650,1,1,54228,191,54227
651,1,1,54229,191,54228
652,1,1,54230,191,54229
653,1,1,54231,191,54230
654,1,1,54232,191,54231
655,1,1,54233,191,54232
656,1,1,54234,191,54233
657,1,1,54235,191,54234
658,1,1,54236,191,54235
659,1,1,54237,191,54236
660,1,1,54238,191,54237
661,1,1,54239,191,54238
662,1,1,54240,191,54239
663,1,1,54241,191,54240
664,1,1,54242,191,54241
665,1,1,54243,191,54242
666,1,1,54244,191,54243
667,1,1,54245,191,54244
668,1,1,54246,191,54245
669,1,1,54247,191,54246
670,1,1,54248,191,54247
671,1,1,54249,191,54248
672,1,1,54250,191,54249
673,1,1,54251,191,54250
674,1,1,54252,191,54251
675,1,1,54253,191,54252
676,1,1,54254,191,54253
677,1,1,54255,191,54254
678,1,1,54256,191,54255
679,0,0,-1,0,54256
680,1,1,54258,191,54257
681,1,1,54259,191,54258
682,1,1,54260,191,54259
683,1,1,54261,191,54260
684,1,1,54262,191,54261
685,1,1,54263,191,54262
686,1,1,54264,191,54263
687,1,1,54265,191,54264
688,1,1,54266,191,54265
689,1,1,54267,191,54266
690,1,1,54268,191,54267
691,1,1,54269,191,54268
692,1,1,54270,191,54269
693,1,1,54271,191,54270
694,1,1,54272,191,54271
695,1,1,54273,191,54272
696,1,1,54274,191,54273
697,1,1,54275,191,54274
698,1,1,54276,191,54275
699,1,1,54277,191,54276
700,1,1,54278,191,54277
701,1,1,54279,191,54278
702,1,1,54280,191,54279
703,1,1,54281,191,54280
704,1,1,54282,191,54281
705,1,1,54283,191,54282
706,1,1,54284,191,54283
707,1,1,54285,191,54284
708,1,1,54286,191,54285
709,1,1,54287,191,54286
710,1,1,54288,191,54287
711,1,1,54289,191,54288
712,1,1,54290,191,54289
713,1,1,54291,191,54290
714,1,1,54292,191,54291
715,1,1,54293,191,54292
716,1,1,54294,191,54293
717,1,1,54295,191,54294
718,1,1,54296,191,54295
719,1,1,54297,191,54296
720,1,1,54298,191,54297
721,1,1,54299,191,54298
722,1,1,54300,191,54299
723,1,1,54301,191,54300
724,1,1,54302,191,54301
725,1,1,54303,191,54302
726,1,1,54304,191,54303
727,1,1,54305,191,54304
728,1,1,54306,191,54305
729,1,1,54307,191,54306
730,1,1,54308,191,54307
731,1,1,54309,191,54308
732,1,1,54310,191,54309
733,1,1,54311,191,54310
734,1,1,54312,191,54311
735,1,1,54313,191,54312
736,1,1,54314,191,54313
737,1,1,54315,191,54314
738,1,1,54316,191,54315
739,1,1,54317,191,54316
740,1,1,54318,191,54317
741,1,1,54319,191,54318
742,1,1,54320,191,54319
743,1,1,54321,191,54320
744,1,1,54322,191,54321
745,1,1,54323,191,54322
746,1,1,54324,191,54323
747,1,1,54325,191,54324
748,1,1,54326,191,54325
749,0,0,-1,0,54326
750,1,1,54328,191,54327
751,1,1,54329,191,54328
752,1,1,54330,191,54329
753,1,1,54331,191,54330
754,1,1,54332,191,54331
755,1,1,54333,191,54332
756,1,1,54334,191,54333
757,1,1,54335,191,54334
758,1,1,54336,191,54335
759,1,1,54337,191,54336
760,1,1,54338,191,54337
761,1,1,54339,191,54338
762,1,1,54340,191,54339
763,1,1,54341,191,54340
764,1,1,54342,191,54341
765,1,1,54343,191,54342
766,1,1,54344,191,54343
767,1,1,54345,191,54344
768,1,1,54346,191,54345
769,1,1,54347,191,54346
770,1,1,54348,191,54347
771,1,1,54349,191,54348
772,1,1,54350,191,54349
773,1,1,54351,191,54350
774,1,1,54352,191,54351
775,1,1,54353,191,54352
776,1,1,54354,191,54353
777,1,1,54355,191,54354
778,1,1,54356,191,54355
779,1,1,54357,191,54356
780,1,1,54358,191,54357
781,1,1,54359,191,54358
782,1,1,54360,191,54359
783,1,1,54361,191,54360
784,1,1,54362,191,54361
785,1,1,54363,191,54362
786,1,1,54364,191,54363
787,1,1,54365,191,54364
788,1,1,54366,191,54365
789,1,1,54367,191,54366
790,1,1,54368,191,54367
791,1,1,54369,191,54368
792,1,1,54370,191,54369
793,1,1,54371,191,54370
794,1,1,54372,191,54371
795,1,1,54373,191,54372
796,1,1,54374,191,54373
797,1,1,54375,191,54374
798,1,1,54376,191,54375
799,1,1,54377,191,54376
800,1,1,54378,191,54377
801,1,1,54379,191,54378
802,1,1,54380,191,54379
803,1,1,54381,191,54380
804,1,1,54382,191,54381
805,1,1,54383,191,54382
806,1,1,54384,191,54383
807,1,1,54385,191,54384
808,1,1,54386,191,54385
809,0,0,-1,0,54386
810,0,0,-1,0,54387
