ts,occ,push_ptr,pop_ptr,pop_on_empty,push_on_full,frames,cSS,cRH,cCFC,cCS,cPD,cPC,d_pop_on_empty,d_push_on_full,d_frames,d_cSS,d_cRH,d_cCFC,d_cCS,d_cPD,d_cPC,r4b_locked,r4b_skips,r4b_opens,d_r4b_skips,d_r4b_opens,dt_s,aux_lag_s
2026-09-04T20:20:33-04:00,9,25,16,53,0,53712,661437241,661437232,661437224,661437221,661424881,660702099,,,,,,,,,,1,1668,20897,,,,0.06
2026-09-04T20:20:43-04:00,10,8,30,53,0,66392,817846248,817846238,817846230,817846227,817833887,816946239,0,0,12680,156409007,156409006,156409006,156409006,156409006,156244140,1,2064,810,396,12681,10.0,0.058
2026-09-04T20:20:53-04:00,8,24,16,53,0,79112,974622040,974622032,974622024,974622021,974609680,973556777,0,0,12720,156775792,156775794,156775794,156775794,156775793,156610538,1,2461,13529,397,12719,10.0,0.066
2026-09-04T20:21:03-04:00,9,1,24,53,0,90521,1115415361,1115415352,1115415344,1115415341,1115403001,1114140097,0,0,11409,140793321,140793320,140793320,140793320,140793321,140583320,1,2817,24932,356,11403,10.0,0.059
2026-09-04T20:21:13-04:00,9,10,1,53,0,103176,1271509770,1271509761,1271509753,1271509750,1271497409,1270039169,0,0,12655,156094409,156094409,156094409,156094409,156094408,155899072,1,3213,4815,396,12651,10.0,0.059
2026-09-04T20:21:23-04:00,9,22,13,53,0,115818,1427430102,1427430093,1427430085,1427430082,1427417742,1425762846,0,0,12642,155920332,155920332,155920332,155920332,155920333,155723677,1,3608,17453,395,12638,10.0,0.058
2026-09-04T20:21:33-04:00,9,0,23,53,0,128441,1583156992,1583156983,1583156975,1583156973,1583144632,1581256294,0,0,12623,155726890,155726890,155726890,155726891,155726890,155493448,1,4003,30068,395,12615,10.0,0.055
2026-09-04T20:21:43-04:00,9,4,27,53,0,141078,1738962180,1738962171,1738962163,1738962160,1738949820,1736897253,0,0,12637,155805188,155805188,155805188,155805187,155805188,155640959,1,4399,9934,396,12634,10.0,0.058
2026-09-04T20:21:53-04:00,9,21,12,53,0,153770,1895348341,1895348332,1895348324,1895348321,1895335981,1893095464,0,0,12692,156386161,156386161,156386161,156386161,156386161,156198211,1,4796,22615,397,12681,10.0,0.067
2026-09-04T20:22:03-04:00,10,0,22,53,0,165158,2035993376,2035993366,2035993358,2035993356,2035981015,2033592246,0,0,11388,140645035,140645034,140645034,140645035,140645034,140496782,1,5154,1247,358,11400,10.0,0.055
2026-09-04T20:22:13-04:00,9,16,7,53,0,177805,2191933104,2191933095,2191933087,2191933084,2191920744,2189367603,0,0,12647,155939728,155939729,155939729,155939728,155939729,155775357,1,5550,13892,396,12645,10.0,0.056
2026-09-04T20:22:23-04:00,9,28,19,53,0,190506,2348201820,2348201811,2348201803,2348201800,2348189460,2345471609,0,0,12701,156268716,156268716,156268716,156268716,156268716,156104006,1,5948,26576,398,12684,10.0,0.079
2026-09-04T20:22:33-04:00,9,15,6,53,0,203203,2505086127,2505086118,2505086110,2505086107,2505073767,2502190543,0,0,12697,156884307,156884307,156884307,156884307,156884307,156718934,1,6346,6521,398,12713,10.0,0.061
2026-09-04T20:22:43-04:00,9,25,16,53,0,215876,2661406393,2661406384,2661406376,2661406373,2661394033,2658336822,0,0,12673,156320266,156320266,156320266,156320266,156320266,156146279,1,6744,19192,398,12671,10.0,0.059
2026-09-04T20:22:53-04:00,10,4,26,53,0,228526,2817419652,2817419642,2817419634,2817419632,2817407291,2814162533,0,0,12650,156013259,156013258,156013258,156013259,156013258,155825711,1,7141,31840,397,12648,10.0,0.06
2026-09-04T20:23:03-04:00,9,11,2,53,0,239916,2957957739,2957957730,2957957722,2957957719,2957945378,2954483195,0,0,11390,140538087,140538088,140538088,140538087,140538087,140320662,1,7498,10456,357,11384,10.0,0.057
2026-09-04T20:23:13-04:00,9,14,5,53,0,252503,3113131086,3113131077,3113131069,3113131067,3113118726,3109468366,0,0,12587,155173347,155173347,155173347,155173348,155173348,154985171,1,7893,23038,395,12582,10.0,0.061
2026-09-04T20:23:23-04:00,10,3,25,53,0,265099,3268543747,3268543737,3268543729,3268543727,3268531386,3264686404,0,0,12596,155412661,155412660,155412660,155412660,155412660,155218038,1,8289,2864,396,12594,10.0,0.056
2026-09-04T20:23:33-04:00,9,25,16,53,0,277665,3423515737,3423515728,3423515720,3423515717,3423503376,3419416547,0,0,12566,154971990,154971991,154971991,154971990,154971990,154730143,1,8683,15420,394,12556,10.0,0.057
2026-09-04T20:23:43-04:00,9,21,12,53,0,290237,3578570165,3578570156,3578570148,3578570145,3578557805,3574276730,0,0,12572,155054428,155054428,155054428,155054428,155054429,154860183,1,9077,27988,394,12568,10.0,0.056
2026-09-04T20:23:53-04:00,9,8,31,53,0,302836,3733914984,3733914975,3733914967,3733914964,3733902623,3729457801,0,0,12599,155344819,155344819,155344819,155344819,155344818,155181071,1,9473,7817,396,12597,10.0,0.058
2026-09-04T20:24:03-04:00,9,5,28,53,0,315400,3888917701,3888917692,3888917684,3888917681,3888905340,3884297134,0,0,12564,155002717,155002717,155002717,155002717,155002717,154839333,1,9867,20383,394,12566,10.0,0.056
2026-09-04T20:24:13-04:00,9,27,18,53,0,327998,4044239291,4044239282,4044239274,4044239271,4044226930,4039455002,0,0,12598,155321590,155321590,155321590,155321590,155321590,155157868,1,10263,209,396,12594,10.0,0.057
2026-09-04T20:24:23-04:00,9,18,9,53,0,340645,4200251378,4200251369,4200251361,4200251358,4200239018,4195302639,0,0,12647,156012087,156012087,156012087,156012087,156012088,155847637,1,10660,12859,397,12650,10.0,0.056
2026-09-04T20:24:33-04:00,9,9,0,53,0,351971,44963049,44963040,44963032,44963030,44950689,39851687,0,0,11326,139678967,139678967,139678967,139678968,139678967,139516344,1,11016,24182,356,11323,10.0,0.056
2026-09-04T20:24:43-04:00,9,15,6,53,0,364593,200441999,200441990,200441982,200441979,200429639,195111340,0,0,12622,155478950,155478950,155478950,155478949,155478950,155259653,1,11412,4025,396,12611,10.0,0.068
2026-09-04T20:24:53-04:00,9,17,8,53,0,377192,355885553,355885544,355885536,355885534,355873193,350337149,0,0,12599,155443554,155443554,155443554,155443555,155443554,155225809,1,11808,16622,396,12597,10.0,0.063
2026-09-04T20:25:03-04:00,9,10,1,53,0,389780,511220842,511220833,511220825,511220823,511208482,505501004,0,0,12588,155335289,155335289,155335289,155335289,155335289,155163855,1,12204,29208,396,12586,10.0,0.058
2026-09-04T20:25:13-04:00,9,11,2,53,0,402377,666584651,666584642,666584634,666584631,666572291,660647159,0,0,12597,155363809,155363809,155363809,155363808,155363809,155146155,1,12599,9027,395,12587,10.0,0.059
2026-09-04T20:25:23-04:00,9,25,16,53,0,414931,821418841,821418832,821418824,821418821,821406481,815295037,0,0,12554,154834190,154834190,154834190,154834190,154834190,154647878,1,12994,21582,395,12555,10.0,0.059
2026-09-04T20:25:33-04:00,9,14,5,53,0,427492,976341102,976341093,976341085,976341083,976328742,970054005,0,0,12561,154922261,154922261,154922261,154922262,154922261,154758968,1,13389,1374,395,12560,10.0,0.058
2026-09-04T20:25:43-04:00,9,17,8,53,0,440053,1131231249,1131231240,1131231232,1131231229,1131218889,1124780885,0,0,12561,154890147,154890147,154890147,154890146,154890147,154726880,1,13784,13933,395,12559,10.0,0.06
2026-09-04T20:25:53-04:00,9,8,31,53,0,452639,1286462600,1286462591,1286462583,1286462580,1286450239,1279848605,0,0,12586,155231351,155231351,155231351,155231351,155231350,155067720,1,14180,26520,396,12587,10.0,0.059
2026-09-04T20:26:03-04:00,9,12,3,53,0,465246,1441955116,1441955107,1441955099,1441955096,1441942756,1435177217,0,0,12607,155492516,155492516,155492516,155492516,155492517,155328612,1,14577,6359,397,12607,10.0,0.058
2026-09-04T20:26:13-04:00,8,4,28,53,0,476572,1581643268,1581643260,1581643252,1581643249,1581630908,1574718132,0,0,11326,139688152,139688153,139688153,139688153,139688152,139540915,1,14932,17684,355,11325,10.0,0.058
2026-09-04T20:26:23-04:00,9,9,0,53,0,489171,1737011401,1737011392,1737011384,1737011382,1736999041,1729822403,0,0,12599,155368133,155368132,155368132,155368133,155368133,155104271,1,15329,30271,397,12587,10.0,0.058
2026-09-04T20:26:33-04:00,9,17,8,53,0,501746,1892097777,1892097768,1892097760,1892097758,1892085417,1884722207,0,0,12575,155086376,155086376,155086376,155086376,155086376,154899804,1,15724,10076,395,12573,10.0,0.059
2026-09-04T20:26:43-04:00,9,28,19,53,0,514379,2047908924,2047908915,2047908907,2047908904,2047896564,2040322918,0,0,12633,155811147,155811147,155811147,155811146,155811147,155600711,1,16122,22702,398,12626,10.0,0.059
2026-09-04T20:26:53-04:00,9,27,18,53,0,527009,2203610779,2203610770,2203610762,2203610759,2203598419,2195822166,0,0,12630,155701855,155701855,155701855,155701855,155701855,155499248,1,16519,2558,397,12624,10.0,0.062
2026-09-04T20:27:03-04:00,9,18,9,53,0,539622,2359214674,2359214665,2359214657,2359214654,2359202314,2351238943,0,0,12613,155603895,155603895,155603895,155603895,155603895,155416777,1,16916,15169,397,12611,10.0,0.059
2026-09-04T20:27:13-04:00,9,1,24,53,0,552206,2514412129,2514412120,2514412112,2514412109,2514399769,2506272806,0,0,12584,155197455,155197455,155197455,155197455,155197455,155033863,1,17313,27752,397,12583,10.0,0.06
2026-09-04T20:27:23-04:00,9,6,29,53,0,564782,2669532678,2669532669,2669532661,2669532658,2669520318,2661229841,0,0,12576,155120549,155120549,155120549,155120549,155120549,154957035,1,17708,7561,395,12577,10.0,0.058
2026-09-04T20:27:33-04:00,10,21,11,53,0,576198,2810285941,2810285931,2810285923,2810285920,2810273580,2801834734,0,0,11416,140753263,140753262,140753262,140753262,140753262,140604893,1,18068,18975,360,11414,10.0,0.06
2026-09-04T20:27:43-04:00,9,30,21,53,0,588770,2965420030,2965420021,2965420013,2965420010,2965407670,2956805310,0,0,12572,155134089,155134090,155134090,155134090,155134090,154970576,1,18464,31553,396,12578,10.0,0.056
2026-09-04T20:27:53-04:00,8,28,20,53,0,601379,3120957084,3120957076,3120957068,3120957065,3120944724,3112178409,0,0,12609,155537054,155537055,155537055,155537055,155537054,155373099,1,18860,11393,396,12608,10.0,0.054
2026-09-04T20:28:03-04:00,9,15,6,53,0,613982,3276274223,3276274214,3276274206,3276274203,3276261863,3267324127,0,0,12603,155317139,155317138,155317138,155317138,155317139,155145718,1,19257,23990,397,12597,10.0,0.061
2026-09-04T20:28:13-04:00,9,16,7,53,0,626567,3431497904,3431497895,3431497887,3431497885,3431485544,3422337995,0,0,12585,155223681,155223681,155223681,155223682,155223681,155013868,1,19653,3802,396,12580,10.0,0.06
2026-09-04T20:28:23-04:00,9,24,15,53,0,639119,3586376056,3586376047,3586376039,3586376036,3586363696,3577020584,0,0,12552,154878152,154878152,154878152,154878151,154878152,154682589,1,20047,16352,394,12550,10.0,0.055
