# ref -10dB BW = 19.39 MHz, -20dB = 22.16
path,bw20,env,bw10,reclass
/mnt/onetb/scratch/qpsk-jupiter-modem/two_jup/r3cap/20260729_135821_rev/pair.iq,34.84,0.4471,32.87,DEGENERATE
/mnt/onetb/scratch/qpsk-jupiter-modem/two_jup/r3cap/20260729_201601_rev/pair.iq,34.92,0.4672,33.54,DEGENERATE
/mnt/onetb/scratch/qpsk-jupiter-modem/two_jup/r3cap/accept_rxq_20260731_194749_r1/pair.iq,37.69,0.4878,19.02,HEALTHY-NOISEWIDE
/mnt/onetb/scratch/qpsk-jupiter-modem/two_jup/r3cap/accept_rxq_20260731_194749_r3/pair.iq,37.93,0.4840,19.02,HEALTHY-NOISEWIDE
/mnt/onetb/scratch/qpsk-jupiter-modem/two_jup/r3cap/accept_rxq_20260806_024151_r1/pair.iq,33.14,0.5755,31.57,DEGENERATE
/mnt/onetb/scratch/qpsk-jupiter-modem/two_jup/r3cap/accept_rxq_20260806_024151_r2/pair.iq,32.75,0.5303,19.44,HEALTHY-NOISEWIDE
/mnt/onetb/scratch/qpsk-jupiter-modem/two_jup/r3cap/accept_rxq_20260806_024151_r3/pair.iq,33.20,0.5214,31.57,DEGENERATE
/mnt/onetb/scratch/qpsk-jupiter-modem/two_jup/r3cap/accept_rxq_20260806_044058_r1/pair.iq,37.94,0.5098,19.44,HEALTHY-NOISEWIDE
/mnt/onetb/scratch/qpsk-jupiter-modem/two_jup/r3cap/accept_rxq_20260806_044058_r2/pair.iq,37.94,0.5082,19.44,HEALTHY-NOISEWIDE
/mnt/onetb/scratch/qpsk-jupiter-modem/two_jup/r3cap/accept_rxq_20260806_044058_r3/pair.iq,37.95,0.5081,19.44,HEALTHY-NOISEWIDE
/mnt/onetb/scratch/qpsk-jupiter-modem/two_jup/r3cap/accept_rxq_20260807_004148_r2/pair.iq,37.97,0.5128,19.63,HEALTHY-NOISEWIDE
/mnt/onetb/scratch/qpsk-jupiter-modem/two_jup/r3cap/accept_rxq_20260807_004148_r3/pair.iq,37.77,0.5083,19.44,HEALTHY-NOISEWIDE
/mnt/onetb/scratch/qpsk-jupiter-modem/two_jup/r3cap/accept_rxq_20260807_014454_r1/pair.iq,37.86,0.5123,19.44,HEALTHY-NOISEWIDE
/mnt/onetb/scratch/qpsk-jupiter-modem/two_jup/r3cap/accept_rxq_20260807_014454_r2/pair.iq,37.86,0.5115,19.44,HEALTHY-NOISEWIDE
/mnt/onetb/scratch/qpsk-jupiter-modem/two_jup/r3cap/accept_rxq_20260807_014454_r3/pair.iq,38.19,0.5392,19.75,HEALTHY-NOISEWIDE
/mnt/onetb/scratch/qpsk-jupiter-modem/two_jup/r3cap/accept_rxq_20260807_020031_r1/pair.iq,37.95,0.5095,19.21,HEALTHY-NOISEWIDE
/mnt/onetb/scratch/qpsk-jupiter-modem/two_jup/r3cap/accept_rxq_20260807_021820_r1/pair.iq,37.95,0.5004,19.62,HEALTHY-NOISEWIDE
/mnt/onetb/scratch/qpsk-jupiter-modem/two_jup/r3cap/accept_rxq_20260807_021820_r2/pair.iq,37.93,0.5318,19.44,HEALTHY-NOISEWIDE
/mnt/onetb/scratch/qpsk-jupiter-modem/two_jup/r3cap/accept_rxq_20260807_021820_r3/pair.iq,38.14,0.4979,36.49,DEGENERATE
/mnt/onetb/scratch/qpsk-jupiter-modem/two_jup/r3cap/accept_rxq_20260807_032351_r1/pair.iq,38.14,0.5017,36.49,DEGENERATE
/mnt/onetb/scratch/qpsk-jupiter-modem/two_jup/r3cap/accept_rxq_20260807_032351_r3/pair.iq,37.95,0.4901,19.44,HEALTHY-NOISEWIDE
/mnt/onetb/scratch/qpsk-jupiter-modem/two_jup/r3cap/accept_rxq_20260807_042112_r1/pair.iq,38.01,0.4874,19.44,HEALTHY-NOISEWIDE
/mnt/onetb/scratch/qpsk-jupiter-modem/two_jup/r3cap/accept_rxq_20260807_042112_r2/pair.iq,38.08,0.4873,36.60,DEGENERATE
/mnt/onetb/scratch/qpsk-jupiter-modem/two_jup/r3cap/accept_rxq_20260807_042112_r3/pair.iq,38.19,0.4819,36.60,DEGENERATE
/mnt/onetb/scratch/qpsk-jupiter-modem/two_jup/r3cap/accept_rxq_20260807_043452_r1/pair.iq,38.14,0.4928,36.53,DEGENERATE
/mnt/onetb/scratch/qpsk-jupiter-modem/two_jup/r3cap/accept_rxq_20260807_043452_r2/pair.iq,38.19,0.4896,36.52,DEGENERATE
/mnt/onetb/scratch/qpsk-jupiter-modem/two_jup/r3cap/accept_rxq_20260807_043452_r3/pair.iq,38.14,0.4943,36.52,DEGENERATE
/mnt/onetb/scratch/qpsk-jupiter-modem/two_jup/r3cap/accept_rxq_20260808_045739_r1/pair.iq,37.90,0.5312,19.44,HEALTHY-NOISEWIDE
/mnt/onetb/scratch/qpsk-jupiter-modem/two_jup/r3cap/accept_rxq_20260808_045739_r2/pair.iq,38.19,0.5321,19.98,HEALTHY-NOISEWIDE
/mnt/onetb/scratch/qpsk-jupiter-modem/two_jup/r3cap/accept_rxq_20260808_045739_r3/pair.iq,38.19,0.5375,36.52,DEGENERATE
/mnt/onetb/scratch/qpsk-jupiter-modem/two_jup/r3cap/accept_rxq_20260812_155622_r1/pair.iq,34.80,0.4393,32.66,DEGENERATE
/mnt/onetb/scratch/qpsk-jupiter-modem/two_jup/r3cap/accept_rxq_20260812_160104_r1/pair.iq,34.79,0.4325,32.53,DEGENERATE
/mnt/onetb/scratch/qpsk-jupiter-modem/two_jup/r3cap/accept_rxq_20260812_160104_r2/pair.iq,34.83,0.4246,32.66,DEGENERATE
/mnt/onetb/scratch/qpsk-jupiter-modem/two_jup/r3cap/accept_rxq_20260814_195812_r1/pair.iq,41.50,0.4963,31.57,DEGENERATE
/mnt/onetb/scratch/qpsk-jupiter-modem/two_jup/r3cap/accept_rxq_20260814_201250_r1/pair.iq,41.51,0.4892,19.21,HEALTHY-NOISEWIDE
/mnt/onetb/scratch/qpsk-jupiter-modem/two_jup/r3cap/accept_rxq_20260814_202122_r1/pair.iq,41.50,0.4178,31.57,DEGENERATE
/mnt/onetb/scratch/qpsk-jupiter-modem/two_jup/r3cap/accept_rxq_20260814_202557_r1/pair.iq,41.50,0.4206,19.21,HEALTHY-NOISEWIDE
/mnt/onetb/scratch/qpsk-jupiter-modem/two_jup/r3cap/accept_rxq_20260814_202940_r1/pair.iq,41.51,0.4946,31.24,DEGENERATE
/mnt/onetb/scratch/qpsk-jupiter-modem/two_jup/r3cap/accept_rxq_20260814_203355_r1/pair.iq,41.51,0.4175,31.47,DEGENERATE
/mnt/onetb/scratch/qpsk-jupiter-modem/two_jup/r3cap/accept_rxq_20260814_203942_r1/pair.iq,41.50,0.4235,31.27,DEGENERATE
/mnt/onetb/scratch/qpsk-jupiter-modem/two_jup/r3cap/accept_rxq_20260814_213625_r1/pair.iq,41.51,0.4819,18.85,HEALTHY-NOISEWIDE
/mnt/onetb/scratch/qpsk-jupiter-modem/two_jup/r3cap/accept_rxq_20260814_215354_r1/pair.iq,41.51,0.4151,31.59,DEGENERATE
/mnt/onetb/scratch/qpsk-jupiter-modem/two_jup/r3cap/accept_rxq_20260814_215354_r2/pair.iq,41.51,0.4768,31.31,DEGENERATE
/mnt/onetb/scratch/qpsk-jupiter-modem/two_jup/r3cap/accept_rxq_20260815_014112_r1/pair.iq,41.50,0.4642,18.67,HEALTHY-NOISEWIDE
/mnt/onetb/scratch/qpsk-jupiter-modem/two_jup/r3cap/accept_rxq_20260815_014112_r2/pair.iq,41.50,0.4497,31.24,DEGENERATE
/mnt/onetb/scratch/qpsk-jupiter-modem/two_jup/r3cap/accept_rxq_20260815_014112_r3/pair.iq,41.50,0.4401,31.00,DEGENERATE
/mnt/onetb/scratch/qpsk-jupiter-modem/two_jup/r3cap/arqab_20260807_022928_arqoff_r1/pair.iq,38.14,0.5014,36.49,DEGENERATE
/mnt/onetb/scratch/qpsk-jupiter-modem/two_jup/r3cap/arqab_20260807_022928_arqoff_r3/pair.iq,38.08,0.5054,36.53,DEGENERATE
/mnt/onetb/scratch/qpsk-jupiter-modem/two_jup/r3cap/arqab_20260807_022928_arqon_r1/pair.iq,37.95,0.5033,19.26,HEALTHY-NOISEWIDE
/mnt/onetb/scratch/qpsk-jupiter-modem/two_jup/r3cap/arqab_20260807_022928_arqon_r2/pair.iq,38.14,0.5011,36.53,DEGENERATE
/mnt/onetb/scratch/qpsk-jupiter-modem/two_jup/r3cap/arqab_20260807_022928_arqon_r3/pair.iq,38.08,0.5022,36.53,DEGENERATE
/mnt/onetb/scratch/qpsk-jupiter-modem/two_jup/r3cap/arqab_n2_20260807_arqoff_r2/pair.iq,38.19,0.4790,36.47,DEGENERATE
/mnt/onetb/scratch/qpsk-jupiter-modem/two_jup/r3cap/arqab_n2_20260807_arqoff_r3/pair.iq,37.73,0.4897,19.63,HEALTHY-NOISEWIDE
/mnt/onetb/scratch/qpsk-jupiter-modem/two_jup/r3cap/arqab_n2_20260807_arqoff_r4/pair.iq,37.95,0.4883,19.44,HEALTHY-NOISEWIDE
/mnt/onetb/scratch/qpsk-jupiter-modem/two_jup/r3cap/arqab_n2_20260807_arqoff_r5/pair.iq,38.19,0.4725,36.60,DEGENERATE
/mnt/onetb/scratch/qpsk-jupiter-modem/two_jup/r3cap/arqab_n2_20260807_arqoff_r6/pair.iq,38.38,0.5053,36.66,DEGENERATE
/mnt/onetb/scratch/qpsk-jupiter-modem/two_jup/r3cap/arqab_n2_20260807_arqon_r1/pair.iq,37.86,0.4858,19.62,HEALTHY-NOISEWIDE
/mnt/onetb/scratch/qpsk-jupiter-modem/two_jup/r3cap/arqab_n2_20260807_arqon_r2/pair.iq,37.95,0.5364,19.62,HEALTHY-NOISEWIDE
/mnt/onetb/scratch/qpsk-jupiter-modem/two_jup/r3cap/arqab_n2_20260807_arqon_r3/pair.iq,35.98,0.4875,0.00,DEGENERATE
/mnt/onetb/scratch/qpsk-jupiter-modem/two_jup/r3cap/arqab_n2_20260807_arqon_r4/pair.iq,38.19,0.4820,36.47,DEGENERATE
/mnt/onetb/scratch/qpsk-jupiter-modem/two_jup/r3cap/arqab_n2_20260807_arqon_r5/pair.iq,36.66,0.4839,14.16,DEGENERATE
/mnt/onetb/scratch/qpsk-jupiter-modem/two_jup/r3cap/arqab_n2_20260807_arqon_r6/pair.iq,38.19,0.4797,36.60,DEGENERATE
/mnt/onetb/scratch/qpsk-jupiter-modem/two_jup/r3cap/arqac2_20260731_232750_r1/pair.iq,38.19,0.4687,36.66,DEGENERATE
/mnt/onetb/scratch/qpsk-jupiter-modem/two_jup/r3cap/arqac2_20260731_232750_r2/pair.iq,37.95,0.4580,19.21,HEALTHY-NOISEWIDE
/mnt/onetb/scratch/qpsk-jupiter-modem/two_jup/r3cap/arqac2_20260731_232750_r3/pair.iq,37.77,0.5186,18.97,HEALTHY-NOISEWIDE
/mnt/onetb/scratch/qpsk-jupiter-modem/two_jup/r3cap/arqacc_20260731_230411_r1/pair.iq,38.09,0.4902,36.49,DEGENERATE
/mnt/onetb/scratch/qpsk-jupiter-modem/two_jup/r3cap/arqacc_20260731_230411_r3/pair.iq,38.21,0.4225,36.73,DEGENERATE
/mnt/onetb/scratch/qpsk-jupiter-modem/two_jup/r3cap/arqtune_20260807_030101_stock_r1/pair.iq,37.86,0.5126,19.62,HEALTHY-NOISEWIDE
/mnt/onetb/scratch/qpsk-jupiter-modem/two_jup/r3cap/arqtune_20260807_030101_stock_r2/pair.iq,37.73,0.5367,19.26,HEALTHY-NOISEWIDE
/mnt/onetb/scratch/qpsk-jupiter-modem/two_jup/r3cap/arqtune_20260807_030101_stock_r3/pair.iq,37.97,0.5348,36.49,DEGENERATE
/mnt/onetb/scratch/qpsk-jupiter-modem/two_jup/r3cap/arqtune_20260807_030101_tuned_r2/pair.iq,38.43,0.5190,36.53,DEGENERATE
/mnt/onetb/scratch/qpsk-jupiter-modem/two_jup/r3cap/arqtune_20260807_030101_tuned_r3/pair.iq,38.37,0.5203,36.49,DEGENERATE
/mnt/onetb/scratch/qpsk-jupiter-modem/two_jup/r3cap/arqx_r1/pair.iq,38.20,0.4551,36.42,DEGENERATE
/mnt/onetb/scratch/qpsk-jupiter-modem/two_jup/r3cap/arqx_r2/pair.iq,38.19,0.4678,36.36,DEGENERATE
/mnt/onetb/scratch/qpsk-jupiter-modem/two_jup/r3cap/arqx_r3/pair.iq,38.14,0.4732,36.29,DEGENERATE
/mnt/onetb/scratch/qpsk-jupiter-modem/two_jup/r3cap/bigiq_092620_a1/pair.iq,39.82,0.5548,20.11,HEALTHY-NOISEWIDE
/mnt/onetb/scratch/qpsk-jupiter-modem/two_jup/r3cap/bigiq_092954_a2/pair.iq,39.92,0.5471,19.57,HEALTHY-NOISEWIDE
/mnt/onetb/scratch/qpsk-jupiter-modem/two_jup/r3cap/bigiq_093702_a4/pair.iq,39.46,0.5128,19.44,HEALTHY-NOISEWIDE
/mnt/onetb/scratch/qpsk-jupiter-modem/two_jup/r3cap/bn2ab_20260807_012335_bn2_r3/pair.iq,38.39,0.5309,36.79,DEGENERATE
/mnt/onetb/scratch/qpsk-jupiter-modem/two_jup/r3cap/bn2ab_20260807_012335_control_r1/pair.iq,36.60,0.5036,14.16,DEGENERATE
/mnt/onetb/scratch/qpsk-jupiter-modem/two_jup/r3cap/bn2ab_20260807_012335_control_r2/pair.iq,38.08,0.4963,36.52,DEGENERATE
/mnt/onetb/scratch/qpsk-jupiter-modem/two_jup/r3cap/bn2ab_20260807_012335_control_r3/pair.iq,38.01,0.5065,36.49,DEGENERATE
/mnt/onetb/scratch/qpsk-jupiter-modem/two_jup/r3cap/cfo0_M32/pair.iq,38.19,0.5216,36.29,DEGENERATE
/mnt/onetb/scratch/qpsk-jupiter-modem/two_jup/r3cap/cyc_probe/pair.iq,39.92,0.5415,19.51,HEALTHY-NOISEWIDE
/mnt/onetb/scratch/qpsk-jupiter-modem/two_jup/r3cap/diag146_half/pair.iq,34.93,0.5807,32.99,DEGENERATE
/mnt/onetb/scratch/qpsk-jupiter-modem/two_jup/r3cap/evm_recheck_B2/pair.iq,34.87,0.4425,33.48,DEGENERATE
/mnt/onetb/scratch/qpsk-jupiter-modem/two_jup/r3cap/evm_recheck_B/pair.iq,34.92,0.4188,33.53,DEGENERATE
/mnt/onetb/scratch/qpsk-jupiter-modem/two_jup/r3cap/evm_swap_B/pair.iq,34.87,0.4472,32.73,DEGENERATE
/mnt/onetb/scratch/qpsk-jupiter-modem/two_jup/r3cap/fix_M32_v1/pair.iq,38.14,0.4395,36.49,DEGENERATE
/mnt/onetb/scratch/qpsk-jupiter-modem/two_jup/r3cap/hunt_auto_20260731_210341/pair.iq,38.25,0.4209,36.49,DEGENERATE
/mnt/onetb/scratch/qpsk-jupiter-modem/two_jup/r3cap/hunt_auto_20260731_211829/pair.iq,38.21,0.5151,36.46,DEGENERATE
/mnt/onetb/scratch/qpsk-jupiter-modem/two_jup/r3cap/hunt_auto_20260801_220503/pair.iq,38.25,0.4536,36.75,DEGENERATE
/mnt/onetb/scratch/qpsk-jupiter-modem/two_jup/r3cap/hunt_caloff_20260731_211423/pair.iq,36.49,0.4122,0.00,DEGENERATE
/mnt/onetb/scratch/qpsk-jupiter-modem/two_jup/r3cap/mab_20260809_195519_M32_r1/pair.iq,39.98,0.5070,19.21,HEALTHY-NOISEWIDE
/mnt/onetb/scratch/qpsk-jupiter-modem/two_jup/r3cap/pumptime/pair.iq,39.94,0.5134,19.26,HEALTHY-NOISEWIDE
/mnt/onetb/scratch/qpsk-jupiter-modem/two_jup/r3cap/resid_M16/pair.iq,38.19,0.4342,36.66,DEGENERATE
/mnt/onetb/scratch/qpsk-jupiter-modem/two_jup/r3cap/resid_M64/pair.iq,37.97,0.4968,36.52,DEGENERATE
/mnt/onetb/scratch/qpsk-jupiter-modem/two_jup/r3cap/residual_20260730_201022/pair.iq,37.80,0.4320,19.44,HEALTHY-NOISEWIDE
/mnt/onetb/scratch/qpsk-jupiter-modem/two_jup/r3cap/restore_004656/pair.iq,37.53,0.4712,19.09,HEALTHY-NOISEWIDE
/mnt/onetb/scratch/qpsk-jupiter-modem/two_jup/r3cap/restore_005145/pair.iq,37.77,0.3967,18.31,HEALTHY-NOISEWIDE
/mnt/onetb/scratch/qpsk-jupiter-modem/two_jup/r3cap/restore_005729/pair.iq,38.19,0.3951,36.42,DEGENERATE
/mnt/onetb/scratch/qpsk-jupiter-modem/two_jup/r3cap/restore_010146/pair.iq,37.90,0.4688,18.36,HEALTHY-NOISEWIDE
/mnt/onetb/scratch/qpsk-jupiter-modem/two_jup/r3cap/restore_015748/pair.iq,41.50,0.4808,18.54,HEALTHY-NOISEWIDE
/mnt/onetb/scratch/qpsk-jupiter-modem/two_jup/r3cap/restore_020201/pair.iq,41.15,0.4168,30.74,DEGENERATE
/mnt/onetb/scratch/qpsk-jupiter-modem/two_jup/r3cap/restore_020515/pair.iq,32.11,0.5929,29.22,HEALTHY-NOISEWIDE
/mnt/onetb/scratch/qpsk-jupiter-modem/two_jup/r3cap/restore_021707/pair.iq,40.96,0.4605,30.39,DEGENERATE
/mnt/onetb/scratch/qpsk-jupiter-modem/two_jup/r3cap/restore_022316/pair.iq,41.50,0.6965,31.57,DEGENERATE
/mnt/onetb/scratch/qpsk-jupiter-modem/two_jup/r3cap/restore_022900/pair.iq,41.50,0.7001,31.15,DEGENERATE
/mnt/onetb/scratch/qpsk-jupiter-modem/two_jup/r3cap/restore_034045/pair.iq,41.50,0.4178,18.85,HEALTHY-NOISEWIDE
/mnt/onetb/scratch/qpsk-jupiter-modem/two_jup/r3cap/restore_070953/pair.iq,41.56,0.6099,31.72,DEGENERATE
/mnt/onetb/scratch/qpsk-jupiter-modem/two_jup/r3cap/restore_071312/pair.iq,41.50,0.5347,31.47,DEGENERATE
/mnt/onetb/scratch/qpsk-jupiter-modem/two_jup/r3cap/restore_071912/pair.iq,41.50,0.5114,31.02,DEGENERATE
/mnt/onetb/scratch/qpsk-jupiter-modem/two_jup/r3cap/restore_072309/pair.iq,41.38,0.4224,30.84,DEGENERATE
/mnt/onetb/scratch/qpsk-jupiter-modem/two_jup/r3cap/restore_072355/pair.iq,41.51,0.5142,18.97,HEALTHY-NOISEWIDE
/mnt/onetb/scratch/qpsk-jupiter-modem/two_jup/r3cap/restore_073044/pair.iq,41.56,0.4731,31.60,DEGENERATE
/mnt/onetb/scratch/qpsk-jupiter-modem/two_jup/r3cap/restore_073715/pair.iq,41.51,0.4353,31.57,DEGENERATE
/mnt/onetb/scratch/qpsk-jupiter-modem/two_jup/r3cap/restore_074433/pair.iq,41.20,0.6068,30.67,DEGENERATE
/mnt/onetb/scratch/qpsk-jupiter-modem/two_jup/r3cap/restore_074738/pair.iq,41.50,0.4154,31.91,DEGENERATE
/mnt/onetb/scratch/qpsk-jupiter-modem/two_jup/r3cap/restore_081131/pair.iq,41.51,0.5151,19.02,HEALTHY-NOISEWIDE
/mnt/onetb/scratch/qpsk-jupiter-modem/two_jup/r3cap/restore_081213/pair.iq,40.66,0.6118,30.06,DEGENERATE
/mnt/onetb/scratch/qpsk-jupiter-modem/two_jup/r3cap/restore_081709/pair.iq,41.63,0.4624,19.63,HEALTHY-NOISEWIDE
/mnt/onetb/scratch/qpsk-jupiter-modem/two_jup/r3cap/restore_082928/pair.iq,38.01,0.4151,36.05,DEGENERATE
/mnt/onetb/scratch/qpsk-jupiter-modem/two_jup/r3cap/restore_083639/pair.iq,40.60,0.5808,29.03,HEALTHY-NOISEWIDE
/mnt/onetb/scratch/qpsk-jupiter-modem/two_jup/r3cap/restore_083955/pair.iq,38.25,0.4207,36.51,DEGENERATE
/mnt/onetb/scratch/qpsk-jupiter-modem/two_jup/r3cap/restore_090344/pair.iq,40.96,0.6581,29.76,HEALTHY-NOISEWIDE
/mnt/onetb/scratch/qpsk-jupiter-modem/two_jup/r3cap/restore_090749/pair.iq,41.69,0.5117,19.75,HEALTHY-NOISEWIDE
/mnt/onetb/scratch/qpsk-jupiter-modem/two_jup/r3cap/restore_091337/pair.iq,40.96,0.5993,30.12,DEGENERATE
/mnt/onetb/scratch/qpsk-jupiter-modem/two_jup/r3cap/restore_091642/pair.iq,41.51,0.5773,31.81,DEGENERATE
/mnt/onetb/scratch/qpsk-jupiter-modem/two_jup/r3cap/restore_092005/pair.iq,41.63,0.5397,31.76,DEGENERATE
/mnt/onetb/scratch/qpsk-jupiter-modem/two_jup/r3cap/restore_093725/pair.iq,41.50,0.5379,19.63,HEALTHY-NOISEWIDE
/mnt/onetb/scratch/qpsk-jupiter-modem/two_jup/r3cap/restore_094657/pair.iq,40.96,0.5918,30.12,DEGENERATE
/mnt/onetb/scratch/qpsk-jupiter-modem/two_jup/r3cap/restore_103237/pair.iq,41.50,0.4737,18.97,HEALTHY-NOISEWIDE
/mnt/onetb/scratch/qpsk-jupiter-modem/two_jup/r3cap/restore_103556/pair.iq,41.50,0.5207,19.08,HEALTHY-NOISEWIDE
/mnt/onetb/scratch/qpsk-jupiter-modem/two_jup/r3cap/restore_104722/pair.iq,40.96,0.5461,30.39,DEGENERATE
/mnt/onetb/scratch/qpsk-jupiter-modem/two_jup/r3cap/restore_105026/pair.iq,41.50,0.5437,31.57,DEGENERATE
/mnt/onetb/scratch/qpsk-jupiter-modem/two_jup/r3cap/restore_105919/pair.iq,40.96,0.5319,30.42,DEGENERATE
/mnt/onetb/scratch/qpsk-jupiter-modem/two_jup/r3cap/restore_111031/pair.iq,41.50,0.5514,31.86,DEGENERATE
/mnt/onetb/scratch/qpsk-jupiter-modem/two_jup/r3cap/restore_111335/pair.iq,41.50,0.5541,31.57,DEGENERATE
/mnt/onetb/scratch/qpsk-jupiter-modem/two_jup/r3cap/restore_111903/pair.iq,41.56,0.5207,19.21,HEALTHY-NOISEWIDE
/mnt/onetb/scratch/qpsk-jupiter-modem/two_jup/r3cap/restore_120213/pair.iq,40.96,0.5685,30.12,DEGENERATE
/mnt/onetb/scratch/qpsk-jupiter-modem/two_jup/r3cap/restore_121538/pair.iq,41.50,0.5131,31.31,DEGENERATE
/mnt/onetb/scratch/qpsk-jupiter-modem/two_jup/r3cap/restore_121825/pair.iq,41.50,0.5621,31.28,DEGENERATE
/mnt/onetb/scratch/qpsk-jupiter-modem/two_jup/r3cap/restore_121857/pair.iq,41.50,0.4515,19.75,HEALTHY-NOISEWIDE
/mnt/onetb/scratch/qpsk-jupiter-modem/two_jup/r3cap/restore_124444/pair.iq,41.63,0.4888,19.51,HEALTHY-NOISEWIDE
/mnt/onetb/scratch/qpsk-jupiter-modem/two_jup/r3cap/restore_124500/pair.iq,37.62,0.4476,18.85,HEALTHY-NOISEWIDE
/mnt/onetb/scratch/qpsk-jupiter-modem/two_jup/r3cap/restore_124832/pair.iq,41.50,0.5095,31.47,DEGENERATE
/mnt/onetb/scratch/qpsk-jupiter-modem/two_jup/r3cap/restore_125503/pair.iq,38.20,0.4461,36.42,DEGENERATE
/mnt/onetb/scratch/qpsk-jupiter-modem/two_jup/r3cap/restore_131602/pair.iq,41.50,0.5259,19.44,HEALTHY-NOISEWIDE
/mnt/onetb/scratch/qpsk-jupiter-modem/two_jup/r3cap/restore_133323/pair.iq,41.50,0.5267,31.86,DEGENERATE
/mnt/onetb/scratch/qpsk-jupiter-modem/two_jup/r3cap/restore_134237/pair.iq,40.96,0.5650,30.12,DEGENERATE
/mnt/onetb/scratch/qpsk-jupiter-modem/two_jup/r3cap/restore_134951/pair.iq,40.96,0.5554,30.39,DEGENERATE
/mnt/onetb/scratch/qpsk-jupiter-modem/two_jup/r3cap/restore_135439/pair.iq,41.50,0.5427,31.57,DEGENERATE
/mnt/onetb/scratch/qpsk-jupiter-modem/two_jup/r3cap/restore_135641/pair.iq,41.50,0.4673,31.23,DEGENERATE
/mnt/onetb/scratch/qpsk-jupiter-modem/two_jup/r3cap/restore_135957/pair.iq,41.50,0.5338,19.21,HEALTHY-NOISEWIDE
/mnt/onetb/scratch/qpsk-jupiter-modem/two_jup/r3cap/restore_141340/pair.iq,41.50,0.5597,31.80,DEGENERATE
/mnt/onetb/scratch/qpsk-jupiter-modem/two_jup/r3cap/restore_143126/pair.iq,41.51,0.5064,40.06,DEGENERATE
/mnt/onetb/scratch/qpsk-jupiter-modem/two_jup/r3cap/restore_143428/pair.iq,37.93,0.4631,19.21,HEALTHY-NOISEWIDE
/mnt/onetb/scratch/qpsk-jupiter-modem/two_jup/r3cap/restore_144243/pair.iq,41.38,0.5259,40.06,DEGENERATE
/mnt/onetb/scratch/qpsk-jupiter-modem/two_jup/r3cap/restore_145130/pair.iq,41.51,0.4670,40.30,DEGENERATE
/mnt/onetb/scratch/qpsk-jupiter-modem/two_jup/r3cap/restore_145440/pair.iq,38.25,0.4115,36.58,DEGENERATE
/mnt/onetb/scratch/qpsk-jupiter-modem/two_jup/r3cap/restore_150724/pair.iq,41.51,0.4507,40.06,DEGENERATE
/mnt/onetb/scratch/qpsk-jupiter-modem/two_jup/r3cap/restore_154709/pair.iq,37.86,0.4289,19.21,HEALTHY-NOISEWIDE
/mnt/onetb/scratch/qpsk-jupiter-modem/two_jup/r3cap/restore_160359/pair.iq,41.50,0.4062,31.63,DEGENERATE
/mnt/onetb/scratch/qpsk-jupiter-modem/two_jup/r3cap/restore_160601/pair.iq,38.14,0.4245,36.60,DEGENERATE
/mnt/onetb/scratch/qpsk-jupiter-modem/two_jup/r3cap/restore_160806/pair.iq,41.50,0.4863,18.97,HEALTHY-NOISEWIDE
/mnt/onetb/scratch/qpsk-jupiter-modem/two_jup/r3cap/restore_161317/pair.iq,41.15,0.4408,30.74,DEGENERATE
/mnt/onetb/scratch/qpsk-jupiter-modem/two_jup/r3cap/restore_163749/pair.iq,41.56,0.5367,19.44,HEALTHY-NOISEWIDE
/mnt/onetb/scratch/qpsk-jupiter-modem/two_jup/r3cap/restore_164054/pair.iq,41.51,0.5868,40.30,DEGENERATE
/mnt/onetb/scratch/qpsk-jupiter-modem/two_jup/r3cap/restore_165505/pair.iq,40.96,0.6173,29.88,HEALTHY-NOISEWIDE
/mnt/onetb/scratch/qpsk-jupiter-modem/two_jup/r3cap/restore_170415/pair.iq,41.50,0.5395,19.75,HEALTHY-NOISEWIDE
/mnt/onetb/scratch/qpsk-jupiter-modem/two_jup/r3cap/restore_171330/pair.iq,41.51,0.5385,19.75,HEALTHY-NOISEWIDE
/mnt/onetb/scratch/qpsk-jupiter-modem/two_jup/r3cap/restore_171419/pair.iq,41.15,0.4191,30.78,DEGENERATE
/mnt/onetb/scratch/qpsk-jupiter-modem/two_jup/r3cap/restore_171736/pair.iq,41.50,0.4181,30.96,DEGENERATE
/mnt/onetb/scratch/qpsk-jupiter-modem/two_jup/r3cap/restore_171754/pair.iq,41.50,0.5374,19.21,HEALTHY-NOISEWIDE
/mnt/onetb/scratch/qpsk-jupiter-modem/two_jup/r3cap/restore_172143/pair.iq,41.50,0.4569,18.85,HEALTHY-NOISEWIDE
/mnt/onetb/scratch/qpsk-jupiter-modem/two_jup/r3cap/restore_180301/pair.iq,41.27,0.4948,18.54,HEALTHY-NOISEWIDE
/mnt/onetb/scratch/qpsk-jupiter-modem/two_jup/r3cap/restore_183551/pair.iq,41.50,0.5171,19.44,HEALTHY-NOISEWIDE
/mnt/onetb/scratch/qpsk-jupiter-modem/two_jup/r3cap/restore_184436/pair.iq,41.51,0.5275,31.49,DEGENERATE
/mnt/onetb/scratch/qpsk-jupiter-modem/two_jup/r3cap/restore_184800/pair.iq,41.50,0.5366,19.21,HEALTHY-NOISEWIDE
/mnt/onetb/scratch/qpsk-jupiter-modem/two_jup/r3cap/restore_185113/pair.iq,41.51,0.5431,31.20,DEGENERATE
/mnt/onetb/scratch/qpsk-jupiter-modem/two_jup/r3cap/restore_185140/pair.iq,41.50,0.4710,31.21,DEGENERATE
/mnt/onetb/scratch/qpsk-jupiter-modem/two_jup/r3cap/restore_185252/pair.iq,41.50,0.4771,31.31,DEGENERATE
/mnt/onetb/scratch/qpsk-jupiter-modem/two_jup/r3cap/restore_185432/pair.iq,41.50,0.6094,19.51,HEALTHY-NOISEWIDE
/mnt/onetb/scratch/qpsk-jupiter-modem/two_jup/r3cap/restore_185500/pair.iq,41.56,0.4705,19.44,HEALTHY-NOISEWIDE
/mnt/onetb/scratch/qpsk-jupiter-modem/two_jup/r3cap/restore_185931/pair.iq,40.96,0.5468,30.08,DEGENERATE
/mnt/onetb/scratch/qpsk-jupiter-modem/two_jup/r3cap/restore_192709/pair.iq,40.66,0.5885,29.34,HEALTHY-NOISEWIDE
/mnt/onetb/scratch/qpsk-jupiter-modem/two_jup/r3cap/restore_193017/pair.iq,41.51,0.4310,31.80,DEGENERATE
/mnt/onetb/scratch/qpsk-jupiter-modem/two_jup/r3cap/restore_193414/pair.iq,41.63,0.5849,31.14,DEGENERATE
/mnt/onetb/scratch/qpsk-jupiter-modem/two_jup/r3cap/restore_193645/pair.iq,41.50,0.4492,34.69,DEGENERATE
/mnt/onetb/scratch/qpsk-jupiter-modem/two_jup/r3cap/restore_194100/pair.iq,41.50,0.4547,18.67,HEALTHY-NOISEWIDE
/mnt/onetb/scratch/qpsk-jupiter-modem/two_jup/r3cap/restore_200922/pair.iq,41.50,0.4024,31.00,DEGENERATE
/mnt/onetb/scratch/qpsk-jupiter-modem/two_jup/r3cap/restore_202308/pair.iq,41.51,0.5216,19.39,HEALTHY-NOISEWIDE
/mnt/onetb/scratch/qpsk-jupiter-modem/two_jup/r3cap/restore_202715/pair.iq,41.50,0.5385,19.44,HEALTHY-NOISEWIDE
/mnt/onetb/scratch/qpsk-jupiter-modem/two_jup/r3cap/restore_203944/pair.iq,41.74,0.5221,31.58,DEGENERATE
/mnt/onetb/scratch/qpsk-jupiter-modem/two_jup/r3cap/restore_204348/pair.iq,41.63,0.5468,19.75,HEALTHY-NOISEWIDE
/mnt/onetb/scratch/qpsk-jupiter-modem/two_jup/r3cap/restore_204751/pair.iq,41.50,0.5073,31.63,DEGENERATE
/mnt/onetb/scratch/qpsk-jupiter-modem/two_jup/r3cap/restore_205632/pair.iq,37.90,0.4000,18.54,HEALTHY-NOISEWIDE
/mnt/onetb/scratch/qpsk-jupiter-modem/two_jup/r3cap/restore_205909/pair.iq,41.50,0.4827,31.25,DEGENERATE
/mnt/onetb/scratch/qpsk-jupiter-modem/two_jup/r3cap/restore_210050/pair.iq,38.25,0.4036,36.21,DEGENERATE
/mnt/onetb/scratch/qpsk-jupiter-modem/two_jup/r3cap/restore_210313/pair.iq,41.20,0.4600,31.32,DEGENERATE
/mnt/onetb/scratch/qpsk-jupiter-modem/two_jup/r3cap/restore_210716/pair.iq,41.50,0.5379,31.27,DEGENERATE
/mnt/onetb/scratch/qpsk-jupiter-modem/two_jup/r3cap/restore_211037/pair.iq,38.19,0.4001,36.49,DEGENERATE
/mnt/onetb/scratch/qpsk-jupiter-modem/two_jup/r3cap/restore_211120/pair.iq,41.51,0.5183,31.81,DEGENERATE
/mnt/onetb/scratch/qpsk-jupiter-modem/two_jup/r3cap/restore_211524/pair.iq,41.56,0.5179,19.51,HEALTHY-NOISEWIDE
/mnt/onetb/scratch/qpsk-jupiter-modem/two_jup/r3cap/restore_211859/pair.iq,37.72,0.4722,18.31,HEALTHY-NOISEWIDE
/mnt/onetb/scratch/qpsk-jupiter-modem/two_jup/r3cap/restore_211956/pair.iq,40.96,0.6029,30.37,DEGENERATE
/mnt/onetb/scratch/qpsk-jupiter-modem/two_jup/r3cap/restore_212116/pair.iq,40.96,0.5911,30.66,DEGENERATE
/mnt/onetb/scratch/qpsk-jupiter-modem/two_jup/r3cap/restore_212403/pair.iq,41.74,0.5604,19.44,HEALTHY-NOISEWIDE
/mnt/onetb/scratch/qpsk-jupiter-modem/two_jup/r3cap/restore_212424/pair.iq,41.51,0.5244,19.75,HEALTHY-NOISEWIDE
/mnt/onetb/scratch/qpsk-jupiter-modem/two_jup/r3cap/restore_212527/pair.iq,41.50,0.4027,31.50,DEGENERATE
/mnt/onetb/scratch/qpsk-jupiter-modem/two_jup/r3cap/restore_212807/pair.iq,41.56,0.4650,31.65,DEGENERATE
/mnt/onetb/scratch/qpsk-jupiter-modem/two_jup/r3cap/restore_212845/pair.iq,41.27,0.4174,31.32,DEGENERATE
/mnt/onetb/scratch/qpsk-jupiter-modem/two_jup/r3cap/restore_213211/pair.iq,41.20,0.5332,30.69,DEGENERATE
/mnt/onetb/scratch/qpsk-jupiter-modem/two_jup/r3cap/restore_213614/pair.iq,41.51,0.5302,19.63,HEALTHY-NOISEWIDE
/mnt/onetb/scratch/qpsk-jupiter-modem/two_jup/r3cap/restore_213701/pair.iq,38.19,0.4003,36.65,DEGENERATE
/mnt/onetb/scratch/qpsk-jupiter-modem/two_jup/r3cap/restore_213952/pair.iq,40.61,0.6305,29.54,HEALTHY-NOISEWIDE
/mnt/onetb/scratch/qpsk-jupiter-modem/two_jup/r3cap/restore_214025/pair.iq,41.20,0.5207,30.93,DEGENERATE
/mnt/onetb/scratch/qpsk-jupiter-modem/two_jup/r3cap/restore_214257/pair.iq,41.51,0.4455,31.43,DEGENERATE
/mnt/onetb/scratch/qpsk-jupiter-modem/two_jup/r3cap/restore_214428/pair.iq,41.50,0.4593,31.34,DEGENERATE
/mnt/onetb/scratch/qpsk-jupiter-modem/two_jup/r3cap/restore_214736/pair.iq,41.51,0.3603,19.63,HEALTHY-NOISEWIDE
/mnt/onetb/scratch/qpsk-jupiter-modem/two_jup/r3cap/restore_214811/pair.iq,31.99,0.6426,17.71,HEALTHY-NOISEWIDE
/mnt/onetb/scratch/qpsk-jupiter-modem/two_jup/r3cap/restore_214832/pair.iq,41.51,0.5295,19.63,HEALTHY-NOISEWIDE
/mnt/onetb/scratch/qpsk-jupiter-modem/two_jup/r3cap/restore_215119/pair.iq,41.51,0.5235,19.44,HEALTHY-NOISEWIDE
/mnt/onetb/scratch/qpsk-jupiter-modem/two_jup/r3cap/restore_215310/pair.iq,41.51,0.5253,31.32,DEGENERATE
/mnt/onetb/scratch/qpsk-jupiter-modem/two_jup/r3cap/restore_215616/pair.iq,38.19,0.4020,36.49,DEGENERATE
/mnt/onetb/scratch/qpsk-jupiter-modem/two_jup/r3cap/restore_215720/pair.iq,41.51,0.5326,19.75,HEALTHY-NOISEWIDE
/mnt/onetb/scratch/qpsk-jupiter-modem/two_jup/r3cap/restore_220127/pair.iq,41.51,0.5386,31.47,DEGENERATE
/mnt/onetb/scratch/qpsk-jupiter-modem/two_jup/r3cap/restore_220312/pair.iq,38.25,0.3926,36.64,DEGENERATE
/mnt/onetb/scratch/qpsk-jupiter-modem/two_jup/r3cap/restore_220345/pair.iq,41.51,0.5474,19.51,HEALTHY-NOISEWIDE
/mnt/onetb/scratch/qpsk-jupiter-modem/two_jup/r3cap/restore_220530/pair.iq,41.56,0.5548,31.86,DEGENERATE
/mnt/onetb/scratch/qpsk-jupiter-modem/two_jup/r3cap/restore_220938/pair.iq,41.51,0.6112,31.57,DEGENERATE
/mnt/onetb/scratch/qpsk-jupiter-modem/two_jup/r3cap/restore_220940/pair.iq,38.25,0.3997,36.51,DEGENERATE
/mnt/onetb/scratch/qpsk-jupiter-modem/two_jup/r3cap/restore_221110/pair.iq,41.51,0.5593,31.69,DEGENERATE
/mnt/onetb/scratch/qpsk-jupiter-modem/two_jup/r3cap/restore_221418/pair.iq,31.99,0.6368,28.68,HEALTHY-NOISEWIDE
/mnt/onetb/scratch/qpsk-jupiter-modem/two_jup/r3cap/restore_221501/pair.iq,41.74,0.5739,31.81,DEGENERATE
/mnt/onetb/scratch/qpsk-jupiter-modem/two_jup/r3cap/restore_221807/pair.iq,41.50,0.5269,19.44,HEALTHY-NOISEWIDE
/mnt/onetb/scratch/qpsk-jupiter-modem/two_jup/r3cap/restore_222004/pair.iq,41.56,0.5311,19.75,HEALTHY-NOISEWIDE
/mnt/onetb/scratch/qpsk-jupiter-modem/two_jup/r3cap/restore_222145/pair.iq,41.50,0.4404,30.96,DEGENERATE
/mnt/onetb/scratch/qpsk-jupiter-modem/two_jup/r3cap/restore_222409/pair.iq,40.61,0.6786,29.22,HEALTHY-NOISEWIDE
/mnt/onetb/scratch/qpsk-jupiter-modem/two_jup/r3cap/restore_222423/pair.iq,41.51,0.5085,31.66,DEGENERATE
/mnt/onetb/scratch/qpsk-jupiter-modem/two_jup/r3cap/restore_222450/pair.iq,41.51,0.4218,31.74,DEGENERATE
/mnt/onetb/scratch/qpsk-jupiter-modem/two_jup/r3cap/restore_222842/pair.iq,40.61,0.5714,29.22,HEALTHY-NOISEWIDE
/mnt/onetb/scratch/qpsk-jupiter-modem/two_jup/r3cap/restore_223037/pair.iq,38.25,0.4228,36.50,DEGENERATE
/mnt/onetb/scratch/qpsk-jupiter-modem/two_jup/r3cap/restore_223725/pair.iq,41.51,0.7241,31.09,DEGENERATE
/mnt/onetb/scratch/qpsk-jupiter-modem/two_jup/r3cap/restore_223736/pair.iq,40.66,0.6727,29.83,HEALTHY-NOISEWIDE
/mnt/onetb/scratch/qpsk-jupiter-modem/two_jup/r3cap/restore_224121/pair.iq,41.51,0.5315,19.21,HEALTHY-NOISEWIDE
/mnt/onetb/scratch/qpsk-jupiter-modem/two_jup/r3cap/restore_224131/pair.iq,41.63,0.7053,31.55,DEGENERATE
/mnt/onetb/scratch/qpsk-jupiter-modem/two_jup/r3cap/restore_224537/pair.iq,41.15,0.6909,30.78,DEGENERATE
/mnt/onetb/scratch/qpsk-jupiter-modem/two_jup/r3cap/restore_225009/pair.iq,40.96,0.7278,29.84,HEALTHY-NOISEWIDE
/mnt/onetb/scratch/qpsk-jupiter-modem/two_jup/r3cap/restore_225126/pair.iq,41.20,0.5472,30.66,DEGENERATE
/mnt/onetb/scratch/qpsk-jupiter-modem/two_jup/r3cap/restore_225415/pair.iq,41.69,0.5297,19.75,HEALTHY-NOISEWIDE
/mnt/onetb/scratch/qpsk-jupiter-modem/two_jup/r3cap/restore_225821/pair.iq,41.50,0.6802,31.81,DEGENERATE
/mnt/onetb/scratch/qpsk-jupiter-modem/two_jup/r3cap/restore_225832/pair.iq,41.51,0.5204,19.75,HEALTHY-NOISEWIDE
/mnt/onetb/scratch/qpsk-jupiter-modem/two_jup/r3cap/restore_230217/pair.iq,41.50,0.6537,31.63,DEGENERATE
/mnt/onetb/scratch/qpsk-jupiter-modem/two_jup/r3cap/restore_230229/pair.iq,40.66,0.7276,29.58,HEALTHY-NOISEWIDE
/mnt/onetb/scratch/qpsk-jupiter-modem/two_jup/r3cap/restore_230522/pair.iq,41.51,0.4402,31.60,DEGENERATE
/mnt/onetb/scratch/qpsk-jupiter-modem/two_jup/r3cap/restore_230635/pair.iq,32.12,0.6602,28.64,HEALTHY-NOISEWIDE
/mnt/onetb/scratch/qpsk-jupiter-modem/two_jup/r3cap/restore_231042/pair.iq,41.50,0.6874,31.59,DEGENERATE
/mnt/onetb/scratch/qpsk-jupiter-modem/two_jup/r3cap/restore_231517/pair.iq,41.69,0.4528,19.51,HEALTHY-NOISEWIDE
/mnt/onetb/scratch/qpsk-jupiter-modem/two_jup/r3cap/restore_231801/pair.iq,41.51,0.6204,31.86,DEGENERATE
/mnt/onetb/scratch/qpsk-jupiter-modem/two_jup/r3cap/restore_231924/pair.iq,41.51,0.7596,31.34,DEGENERATE
/mnt/onetb/scratch/qpsk-jupiter-modem/two_jup/r3cap/restore_232420/pair.iq,41.51,0.5198,19.26,HEALTHY-NOISEWIDE
/mnt/onetb/scratch/qpsk-jupiter-modem/two_jup/r3cap/restore_232435/pair.iq,41.50,0.6327,19.44,HEALTHY-NOISEWIDE
/mnt/onetb/scratch/qpsk-jupiter-modem/two_jup/r3cap/restore_232446/pair.iq,41.50,0.4024,31.09,DEGENERATE
/mnt/onetb/scratch/qpsk-jupiter-modem/two_jup/r3cap/restore_232842/pair.iq,30.73,0.5958,0.00,DEGENERATE
/mnt/onetb/scratch/qpsk-jupiter-modem/two_jup/r3cap/restore_233154/pair.iq,40.96,0.6603,30.62,DEGENERATE
/mnt/onetb/scratch/qpsk-jupiter-modem/two_jup/r3cap/restore_233247/pair.iq,41.63,0.5859,40.06,DEGENERATE
/mnt/onetb/scratch/qpsk-jupiter-modem/two_jup/r3cap/restore_233713/pair.iq,41.56,0.6747,31.75,DEGENERATE
/mnt/onetb/scratch/qpsk-jupiter-modem/two_jup/r3cap/revbase_20260825_214046_r1/pair.iq,38.19,0.4060,36.60,DEGENERATE
/mnt/onetb/scratch/qpsk-jupiter-modem/two_jup/r3cap/revbase_20260825_214046_r2/pair.iq,35.98,0.4136,0.00,DEGENERATE
/mnt/onetb/scratch/qpsk-jupiter-modem/two_jup/r3cap/revbase_20260825_214046_r3/pair.iq,38.25,0.4058,36.73,DEGENERATE
/mnt/onetb/scratch/qpsk-jupiter-modem/two_jup/r3cap/revlong/pair.iq,34.56,0.4431,19.26,HEALTHY-NOISEWIDE
/mnt/onetb/scratch/qpsk-jupiter-modem/two_jup/r3cap/rxq_M32/pair.iq,37.95,0.4580,18.97,HEALTHY-NOISEWIDE
/mnt/onetb/scratch/qpsk-jupiter-modem/two_jup/r3cap/stall_gapctl1500/pair.iq,39.98,0.5120,19.26,HEALTHY-NOISEWIDE
/mnt/onetb/scratch/qpsk-jupiter-modem/two_jup/r3cap/stall_normal/pair.iq,39.94,0.5120,19.16,HEALTHY-NOISEWIDE
/mnt/onetb/scratch/qpsk-jupiter-modem/two_jup/r3cap/areas_20260810_132021/a2m32_c1/pair.iq,37.85,0.5365,19.75,HEALTHY-NOISEWIDE
/mnt/onetb/scratch/qpsk-jupiter-modem/two_jup/r3cap/areas_20260810_132021/a2m32_c3/pair.iq,37.95,0.5222,19.39,HEALTHY-NOISEWIDE
/mnt/onetb/scratch/qpsk-jupiter-modem/two_jup/r3cap/areas_20260810_132021/a4m16_c1/pair.iq,37.86,0.5321,19.21,HEALTHY-NOISEWIDE
/mnt/onetb/scratch/qpsk-jupiter-modem/two_jup/r3cap/arqeng_20260807_045038/r1/pair.iq,38.14,0.5047,36.52,DEGENERATE
/mnt/onetb/scratch/qpsk-jupiter-modem/two_jup/r3cap/arqeng_20260807_045038/r2/pair.iq,36.65,0.5041,13.26,DEGENERATE
/mnt/onetb/scratch/qpsk-jupiter-modem/two_jup/r3cap/arqeng_20260807_045038/r3/pair.iq,37.86,0.5303,19.44,HEALTHY-NOISEWIDE
/mnt/onetb/scratch/qpsk-jupiter-modem/two_jup/r3cap/arqeng_20260807_045038/r4/pair.iq,38.19,0.4875,36.60,DEGENERATE
/mnt/onetb/scratch/qpsk-jupiter-modem/two_jup/r3cap/arqeng_20260807_061110/r1/pair.iq,38.32,0.5092,36.60,DEGENERATE
/mnt/onetb/scratch/qpsk-jupiter-modem/two_jup/r3cap/arqeng_20260807_061110/r2/pair.iq,38.26,0.5331,36.49,DEGENERATE
/mnt/onetb/scratch/qpsk-jupiter-modem/two_jup/r3cap/arqeng_20260807_061110/r3/pair.iq,37.78,0.5157,19.44,HEALTHY-NOISEWIDE
/mnt/onetb/scratch/qpsk-jupiter-modem/two_jup/r3cap/goodput_20260810_133908/gate_a4m16/pair.iq,38.07,0.5234,19.51,HEALTHY-NOISEWIDE
/mnt/onetb/scratch/qpsk-jupiter-modem/two_jup/r3cap/sweep_20260809_213239/q16_c1/pair.iq,39.92,0.5271,19.26,HEALTHY-NOISEWIDE
/mnt/onetb/scratch/qpsk-jupiter-modem/two_jup/r3cap/sweep_20260809_214536/l16_c1/pair.iq,39.92,0.5077,19.26,HEALTHY-NOISEWIDE
/mnt/onetb/scratch/qpsk-jupiter-modem/two_jup/r3cap/sweep_20260809_214536/l16_c2/pair.iq,39.98,0.5083,19.44,HEALTHY-NOISEWIDE
/mnt/onetb/scratch/qpsk-jupiter-modem/two_jup/r3cap/sweep_20260809_214536/l16_c3/pair.iq,39.98,0.5010,19.21,HEALTHY-NOISEWIDE
/mnt/onetb/scratch/qpsk-jupiter-modem/two_jup/r3cap/sweep_20260809_214536/l32_c2/pair.iq,39.92,0.5010,19.21,HEALTHY-NOISEWIDE
/mnt/onetb/scratch/qpsk-jupiter-modem/two_jup/r3cap/sweep_20260809_214536/l32_c3/pair.iq,39.98,0.5051,19.39,HEALTHY-NOISEWIDE
/mnt/onetb/scratch/qpsk-jupiter-modem/two_jup/r3cap/sweep_20260809_214536/l32_c4/pair.iq,39.53,0.5126,19.21,HEALTHY-NOISEWIDE
/mnt/onetb/scratch/qpsk-jupiter-modem/two_jup/r3cap/sweep_20260809_214536/l32_c6/pair.iq,39.59,0.5138,19.21,HEALTHY-NOISEWIDE
/mnt/onetb/scratch/qpsk-jupiter-modem/two_jup/r3cap/sweep_20260809_214536/q16_c2/pair.iq,39.98,0.5052,19.26,HEALTHY-NOISEWIDE
/mnt/onetb/scratch/qpsk-jupiter-modem/two_jup/r3cap/sweep_20260809_214536/q16_c3/pair.iq,39.44,0.5095,19.39,HEALTHY-NOISEWIDE
/mnt/onetb/scratch/qpsk-jupiter-modem/two_jup/r3cap/sweep_20260809_214536/q16_c5/pair.iq,39.46,0.5151,19.21,HEALTHY-NOISEWIDE
/mnt/onetb/scratch/qpsk-jupiter-modem/two_jup/r3cap/sweep_20260809_214536/q16_c6/pair.iq,39.92,0.5416,19.56,HEALTHY-NOISEWIDE
/mnt/onetb/scratch/qpsk-jupiter-modem/two_jup/r3cap/sweep_20260809_214536/q32_c1/pair.iq,39.59,0.5101,19.39,HEALTHY-NOISEWIDE
/mnt/onetb/scratch/qpsk-jupiter-modem/two_jup/r3cap/sweep_20260809_214536/q8_c2/pair.iq,39.98,0.5088,19.62,HEALTHY-NOISEWIDE
/mnt/onetb/scratch/qpsk-jupiter-modem/two_jup/r3cap/sweep_20260809_214536/q8_c5/pair.iq,39.42,0.5256,19.44,HEALTHY-NOISEWIDE
/mnt/onetb/scratch/qpsk-jupiter-modem/two_jup/r3cap/sweep_20260809_214536/q8_c6/pair.iq,39.59,0.5074,19.21,HEALTHY-NOISEWIDE
/mnt/onetb/scratch/qpsk-jupiter-modem/two_jup/r3cap/sweep_20260812_135103/bud0_c1/pair.iq,34.87,0.4222,33.30,DEGENERATE
/mnt/onetb/scratch/qpsk-jupiter-modem/two_jup/r3cap/sweep_20260812_135103/bud0_c2/pair.iq,34.87,0.4460,33.53,DEGENERATE
/mnt/onetb/scratch/qpsk-jupiter-modem/two_jup/r3cap/sweep_20260812_135103/bud0_c3/pair.iq,34.87,0.4469,33.53,DEGENERATE
/mnt/onetb/scratch/qpsk-jupiter-modem/two_jup/r3cap/sweep_20260812_135103/bud4_c1/pair.iq,34.73,0.4157,19.21,HEALTHY-NOISEWIDE
/mnt/onetb/scratch/qpsk-jupiter-modem/two_jup/r3cap/sweep_20260812_135103/bud4_c2/pair.iq,34.82,0.4111,33.27,DEGENERATE
/mnt/onetb/scratch/qpsk-jupiter-modem/two_jup/r3cap/sweep_20260812_135103/bud4_c3/pair.iq,34.92,0.4462,33.30,DEGENERATE
/mnt/onetb/scratch/qpsk-jupiter-modem/two_jup/r3cap/sweep_20260812_151226/bud0_c1/pair.iq,34.80,0.4189,32.50,DEGENERATE
/mnt/onetb/scratch/qpsk-jupiter-modem/two_jup/r3cap/sweep_20260812_151226/bud0_c2/pair.iq,34.52,0.4164,18.67,HEALTHY-NOISEWIDE
/mnt/onetb/scratch/qpsk-jupiter-modem/two_jup/r3cap/sweep_20260812_151226/bud0_c3/pair.iq,34.79,0.4350,32.80,DEGENERATE
/mnt/onetb/scratch/qpsk-jupiter-modem/two_jup/r3cap/sweep_20260812_151226/bud4_c1/pair.iq,34.80,0.4581,32.96,DEGENERATE
/mnt/onetb/scratch/qpsk-jupiter-modem/two_jup/r3cap/sweep_20260812_151226/bud4_c2/pair.iq,34.79,0.4250,32.73,DEGENERATE
/mnt/onetb/scratch/qpsk-jupiter-modem/two_jup/r3cap/sweep_20260812_151226/bud4_c3/pair.iq,34.80,0.4336,32.66,DEGENERATE
/mnt/onetb/scratch/qpsk-jupiter-modem/two_jup/prewedge/20260810_210816/pw_1.iq,57.32,0.3327,18.99,HEALTHY-NOISEWIDE
/mnt/onetb/scratch/qpsk-jupiter-modem/two_jup/prewedge/20260810_211022/pw_1.iq,37.71,0.3391,18.99,HEALTHY-NOISEWIDE
/mnt/onetb/scratch/qpsk-jupiter-modem/two_jup/prewedge/20260810_211022/pw_2.iq,38.01,0.3410,19.03,HEALTHY-NOISEWIDE
/mnt/onetb/scratch/qpsk-jupiter-modem/two_jup/prewedge/20260810_211022/pw_3.iq,37.80,0.3349,19.03,HEALTHY-NOISEWIDE
/mnt/onetb/scratch/qpsk-jupiter-modem/two_jup/prewedge/trig_20260810_211556/pwt.iq,38.01,0.3406,18.99,HEALTHY-NOISEWIDE
/mnt/onetb/scratch/qpsk-jupiter-modem/two_jup/floatgap_n3/chunkhead.iq,38.14,0.5160,36.29,DEGENERATE
/mnt/onetb/scratch/qpsk-jupiter-modem/two_jup/floatgap_n3/win_evm_swap_B_o0.iq,34.87,0.4472,32.73,DEGENERATE
/mnt/onetb/scratch/qpsk-jupiter-modem/two_jup/floatgap_n3/win_evm_swap_B_o80.iq,34.87,0.4446,32.99,DEGENERATE
