path,dir,date,bytes,bw_mhz,env_corr,env_lag,verdict,meta_dir,has_frames,has_fslog,has_txlog
/mnt/onetb/scratch/qpsk-jupiter-modem/two_jup/r3cap/20260729_123525_fwd/pair.iq,fwd,2026-07-29,16000000,21.19,0.4718,2604,HEALTHY,fwd,1,0,0
/mnt/onetb/scratch/qpsk-jupiter-modem/two_jup/r3cap/20260729_135508_fwd/pair.iq,fwd,2026-07-29,16000000,21.37,0.4458,2604,HEALTHY,fwd,1,0,0
/mnt/onetb/scratch/qpsk-jupiter-modem/two_jup/r3cap/20260729_135821_rev/pair.iq,rev,2026-07-29,16000000,34.84,0.4471,2604,DEGENERATE,rev,1,0,0
/mnt/onetb/scratch/qpsk-jupiter-modem/two_jup/r3cap/20260729_201601_rev/pair.iq,rev,2026-07-29,16000000,34.92,0.4672,2604,DEGENERATE,rev,1,0,0
/mnt/onetb/scratch/qpsk-jupiter-modem/two_jup/r3cap/accept_rxq_20260731_194749_r1/pair.iq,rev,2026-07-31,32000000,37.69,0.4878,2604,DEGENERATE,rev,1,0,0
/mnt/onetb/scratch/qpsk-jupiter-modem/two_jup/r3cap/accept_rxq_20260731_194749_r2/pair.iq,rev,2026-07-31,32000000,19.75,0.4852,2604,HEALTHY,rev,1,0,0
/mnt/onetb/scratch/qpsk-jupiter-modem/two_jup/r3cap/accept_rxq_20260731_194749_r3/pair.iq,rev,2026-07-31,32000000,37.93,0.4840,2604,DEGENERATE,rev,1,0,0
/mnt/onetb/scratch/qpsk-jupiter-modem/two_jup/r3cap/accept_rxq_20260806_024151_r1/pair.iq,rev,2026-08-06,32000000,33.14,0.5755,1020,DEGENERATE,rev,1,0,0
/mnt/onetb/scratch/qpsk-jupiter-modem/two_jup/r3cap/accept_rxq_20260806_024151_r2/pair.iq,rev,2026-08-06,32000000,32.75,0.5303,2604,DEGENERATE,rev,1,0,0
/mnt/onetb/scratch/qpsk-jupiter-modem/two_jup/r3cap/accept_rxq_20260806_024151_r3/pair.iq,rev,2026-08-06,32000000,33.20,0.5214,2604,DEGENERATE,rev,1,0,0
/mnt/onetb/scratch/qpsk-jupiter-modem/two_jup/r3cap/accept_rxq_20260806_044058_r1/pair.iq,rev,2026-08-06,32000000,37.94,0.5098,2604,DEGENERATE,rev,1,0,0
/mnt/onetb/scratch/qpsk-jupiter-modem/two_jup/r3cap/accept_rxq_20260806_044058_r2/pair.iq,rev,2026-08-06,32000000,37.94,0.5082,2604,DEGENERATE,rev,1,0,0
/mnt/onetb/scratch/qpsk-jupiter-modem/two_jup/r3cap/accept_rxq_20260806_044058_r3/pair.iq,rev,2026-08-06,32000000,37.95,0.5081,2604,DEGENERATE,rev,1,0,0
/mnt/onetb/scratch/qpsk-jupiter-modem/two_jup/r3cap/accept_rxq_20260807_004148_r1/pair.iq,rev,2026-08-07,32000000,19.21,0.5135,2604,HEALTHY,rev,1,0,0
/mnt/onetb/scratch/qpsk-jupiter-modem/two_jup/r3cap/accept_rxq_20260807_004148_r2/pair.iq,rev,2026-08-07,32000000,37.97,0.5128,2604,DEGENERATE,rev,1,0,0
/mnt/onetb/scratch/qpsk-jupiter-modem/two_jup/r3cap/accept_rxq_20260807_004148_r3/pair.iq,rev,2026-08-07,32000000,37.77,0.5083,2604,DEGENERATE,rev,1,0,0
/mnt/onetb/scratch/qpsk-jupiter-modem/two_jup/r3cap/accept_rxq_20260807_014454_r1/pair.iq,rev,2026-08-07,32000000,37.86,0.5123,2604,DEGENERATE,rev,1,0,0
/mnt/onetb/scratch/qpsk-jupiter-modem/two_jup/r3cap/accept_rxq_20260807_014454_r2/pair.iq,rev,2026-08-07,32000000,37.86,0.5115,2604,DEGENERATE,rev,1,0,0
/mnt/onetb/scratch/qpsk-jupiter-modem/two_jup/r3cap/accept_rxq_20260807_014454_r3/pair.iq,rev,2026-08-07,32000000,38.19,0.5392,2604,DEGENERATE,rev,1,0,0
/mnt/onetb/scratch/qpsk-jupiter-modem/two_jup/r3cap/accept_rxq_20260807_020031_r1/pair.iq,rev,2026-08-07,32000000,37.95,0.5095,2604,DEGENERATE,rev,1,0,0
/mnt/onetb/scratch/qpsk-jupiter-modem/two_jup/r3cap/accept_rxq_20260807_020031_r2/pair.iq,rev,2026-08-07,32000000,18.85,0.5374,2604,HEALTHY,rev,1,0,0
/mnt/onetb/scratch/qpsk-jupiter-modem/two_jup/r3cap/accept_rxq_20260807_020031_r3/pair.iq,rev,2026-08-07,32000000,19.62,0.5126,2604,HEALTHY,rev,1,0,0
/mnt/onetb/scratch/qpsk-jupiter-modem/two_jup/r3cap/accept_rxq_20260807_021820_r1/pair.iq,rev,2026-08-07,32000000,37.95,0.5004,2604,DEGENERATE,rev,1,0,0
/mnt/onetb/scratch/qpsk-jupiter-modem/two_jup/r3cap/accept_rxq_20260807_021820_r2/pair.iq,rev,2026-08-07,32000000,37.93,0.5318,2604,DEGENERATE,rev,1,0,0
/mnt/onetb/scratch/qpsk-jupiter-modem/two_jup/r3cap/accept_rxq_20260807_021820_r3/pair.iq,rev,2026-08-07,32000000,38.14,0.4979,2604,DEGENERATE,rev,1,0,0
/mnt/onetb/scratch/qpsk-jupiter-modem/two_jup/r3cap/accept_rxq_20260807_032351_r1/pair.iq,rev,2026-08-07,32000000,38.14,0.5017,2604,DEGENERATE,rev,1,0,0
/mnt/onetb/scratch/qpsk-jupiter-modem/two_jup/r3cap/accept_rxq_20260807_032351_r2/pair.iq,rev,2026-08-07,32000000,19.21,0.4989,2604,HEALTHY,rev,1,0,0
/mnt/onetb/scratch/qpsk-jupiter-modem/two_jup/r3cap/accept_rxq_20260807_032351_r3/pair.iq,rev,2026-08-07,32000000,37.95,0.4901,2604,DEGENERATE,rev,1,0,0
/mnt/onetb/scratch/qpsk-jupiter-modem/two_jup/r3cap/accept_rxq_20260807_042112_r1/pair.iq,rev,2026-08-07,32000000,38.01,0.4874,2604,DEGENERATE,rev,1,0,0
/mnt/onetb/scratch/qpsk-jupiter-modem/two_jup/r3cap/accept_rxq_20260807_042112_r2/pair.iq,rev,2026-08-07,32000000,38.08,0.4873,2604,DEGENERATE,rev,1,0,0
/mnt/onetb/scratch/qpsk-jupiter-modem/two_jup/r3cap/accept_rxq_20260807_042112_r3/pair.iq,rev,2026-08-07,32000000,38.19,0.4819,2604,DEGENERATE,rev,1,0,0
/mnt/onetb/scratch/qpsk-jupiter-modem/two_jup/r3cap/accept_rxq_20260807_043452_r1/pair.iq,rev,2026-08-07,32000000,38.14,0.4928,2604,DEGENERATE,rev,1,0,0
/mnt/onetb/scratch/qpsk-jupiter-modem/two_jup/r3cap/accept_rxq_20260807_043452_r2/pair.iq,rev,2026-08-07,32000000,38.19,0.4896,2604,DEGENERATE,rev,1,0,0
/mnt/onetb/scratch/qpsk-jupiter-modem/two_jup/r3cap/accept_rxq_20260807_043452_r3/pair.iq,rev,2026-08-07,32000000,38.14,0.4943,2604,DEGENERATE,rev,1,0,0
/mnt/onetb/scratch/qpsk-jupiter-modem/two_jup/r3cap/accept_rxq_20260808_045739_r1/pair.iq,rev,2026-08-08,32000000,37.90,0.5312,2604,DEGENERATE,rev,1,0,0
/mnt/onetb/scratch/qpsk-jupiter-modem/two_jup/r3cap/accept_rxq_20260808_045739_r2/pair.iq,rev,2026-08-08,32000000,38.19,0.5321,2604,DEGENERATE,rev,1,0,0
/mnt/onetb/scratch/qpsk-jupiter-modem/two_jup/r3cap/accept_rxq_20260808_045739_r3/pair.iq,rev,2026-08-08,32000000,38.19,0.5375,2604,DEGENERATE,rev,1,0,0
/mnt/onetb/scratch/qpsk-jupiter-modem/two_jup/r3cap/accept_rxq_20260812_155622_r1/pair.iq,rev,2026-08-12,32000000,34.80,0.4393,2604,DEGENERATE,rev,1,0,0
/mnt/onetb/scratch/qpsk-jupiter-modem/two_jup/r3cap/accept_rxq_20260812_160104_r1/pair.iq,rev,2026-08-12,32000000,34.79,0.4325,2604,DEGENERATE,rev,1,0,0
/mnt/onetb/scratch/qpsk-jupiter-modem/two_jup/r3cap/accept_rxq_20260812_160104_r2/pair.iq,rev,2026-08-12,32000000,34.83,0.4246,2604,DEGENERATE,rev,1,0,0
/mnt/onetb/scratch/qpsk-jupiter-modem/two_jup/r3cap/accept_rxq_20260812_160833_r1/pair.iq,fwd,2026-08-12,32000000,22.27,0.5279,2604,HEALTHY,fwd,1,0,0
/mnt/onetb/scratch/qpsk-jupiter-modem/two_jup/r3cap/accept_rxq_20260812_160833_r2/pair.iq,fwd,2026-08-12,32000000,22.16,0.5223,2604,HEALTHY,fwd,1,0,0
/mnt/onetb/scratch/qpsk-jupiter-modem/two_jup/r3cap/accept_rxq_20260812_160833_r3/pair.iq,fwd,2026-08-12,32000000,22.04,0.5089,2604,HEALTHY,fwd,1,0,0
/mnt/onetb/scratch/qpsk-jupiter-modem/two_jup/r3cap/accept_rxq_20260812_201153_r1/pair.iq,fwd,2026-08-12,32000000,22.34,0.5232,2604,HEALTHY,fwd,1,0,0
/mnt/onetb/scratch/qpsk-jupiter-modem/two_jup/r3cap/accept_rxq_20260814_195812_r1/pair.iq,rev,2026-08-14,32000000,41.50,0.4963,2604,DEGENERATE,rev,1,0,0
/mnt/onetb/scratch/qpsk-jupiter-modem/two_jup/r3cap/accept_rxq_20260814_201250_r1/pair.iq,rev,2026-08-14,32000000,41.51,0.4892,2604,DEGENERATE,rev,1,0,0
/mnt/onetb/scratch/qpsk-jupiter-modem/two_jup/r3cap/accept_rxq_20260814_201624_r1/pair.iq,fwd,2026-08-14,32000000,22.27,0.5303,2604,HEALTHY,fwd,1,0,0
/mnt/onetb/scratch/qpsk-jupiter-modem/two_jup/r3cap/accept_rxq_20260814_202122_r1/pair.iq,rev,2026-08-14,32000000,41.50,0.4178,2604,DEGENERATE,rev,1,0,0
/mnt/onetb/scratch/qpsk-jupiter-modem/two_jup/r3cap/accept_rxq_20260814_202557_r1/pair.iq,rev,2026-08-14,32000000,41.50,0.4206,2604,DEGENERATE,rev,1,0,0
/mnt/onetb/scratch/qpsk-jupiter-modem/two_jup/r3cap/accept_rxq_20260814_202940_r1/pair.iq,rev,2026-08-14,32000000,41.51,0.4946,2604,DEGENERATE,rev,1,0,0
/mnt/onetb/scratch/qpsk-jupiter-modem/two_jup/r3cap/accept_rxq_20260814_203355_r1/pair.iq,rev,2026-08-14,32000000,41.51,0.4175,2604,DEGENERATE,rev,1,0,0
/mnt/onetb/scratch/qpsk-jupiter-modem/two_jup/r3cap/accept_rxq_20260814_203942_r1/pair.iq,rev,2026-08-14,32000000,41.50,0.4235,2604,DEGENERATE,rev,1,0,0
/mnt/onetb/scratch/qpsk-jupiter-modem/two_jup/r3cap/accept_rxq_20260814_213259_r1/pair.iq,fwd,2026-08-14,32000000,22.22,0.5284,2604,HEALTHY,fwd,1,0,0
/mnt/onetb/scratch/qpsk-jupiter-modem/two_jup/r3cap/accept_rxq_20260814_213625_r1/pair.iq,rev,2026-08-14,32000000,41.51,0.4819,2604,DEGENERATE,rev,1,0,0
/mnt/onetb/scratch/qpsk-jupiter-modem/two_jup/r3cap/accept_rxq_20260814_214222_r1/pair.iq,fwd,2026-08-14,32000000,22.34,0.5303,2604,HEALTHY,fwd,1,0,0
/mnt/onetb/scratch/qpsk-jupiter-modem/two_jup/r3cap/accept_rxq_20260814_214656_r1/pair.iq,fwd,2026-08-14,32000000,22.16,0.5329,2604,HEALTHY,fwd,1,0,0
/mnt/onetb/scratch/qpsk-jupiter-modem/two_jup/r3cap/accept_rxq_20260814_215354_r1/pair.iq,rev,2026-08-14,32000000,41.51,0.4151,2604,DEGENERATE,rev,1,0,0
/mnt/onetb/scratch/qpsk-jupiter-modem/two_jup/r3cap/accept_rxq_20260814_215354_r2/pair.iq,rev,2026-08-14,32000000,41.51,0.4768,2604,DEGENERATE,rev,1,0,0
/mnt/onetb/scratch/qpsk-jupiter-modem/two_jup/r3cap/accept_rxq_20260814_232839_r1/pair.iq,fwd,2026-08-14,32000000,22.16,0.5309,2604,HEALTHY,fwd,1,0,0
/mnt/onetb/scratch/qpsk-jupiter-modem/two_jup/r3cap/accept_rxq_20260815_013730_r1/pair.iq,fwd,2026-08-15,32000000,22.27,0.5277,2604,HEALTHY,fwd,1,0,0
/mnt/onetb/scratch/qpsk-jupiter-modem/two_jup/r3cap/accept_rxq_20260815_014112_r1/pair.iq,rev,2026-08-15,32000000,41.50,0.4642,2604,DEGENERATE,rev,1,0,0
/mnt/onetb/scratch/qpsk-jupiter-modem/two_jup/r3cap/accept_rxq_20260815_014112_r2/pair.iq,rev,2026-08-15,32000000,41.50,0.4497,2604,DEGENERATE,rev,1,0,0
/mnt/onetb/scratch/qpsk-jupiter-modem/two_jup/r3cap/accept_rxq_20260815_014112_r3/pair.iq,rev,2026-08-15,32000000,41.50,0.4401,2604,DEGENERATE,rev,1,0,0
/mnt/onetb/scratch/qpsk-jupiter-modem/two_jup/r3cap/accept_rxq_20260815_015310_r1/pair.iq,fwd,2026-08-15,32000000,22.27,0.5308,2604,HEALTHY,fwd,1,0,0
/mnt/onetb/scratch/qpsk-jupiter-modem/two_jup/r3cap/accept_rxq_20260815_015631_r1/pair.iq,fwd,2026-08-15,32000000,22.27,0.5353,2604,HEALTHY,fwd,1,0,0
/mnt/onetb/scratch/qpsk-jupiter-modem/two_jup/r3cap/accept_rxq_20260815_020004_r1/pair.iq,fwd,2026-08-15,32000000,22.22,0.5331,2604,HEALTHY,fwd,1,0,0
/mnt/onetb/scratch/qpsk-jupiter-modem/two_jup/r3cap/accept_rxq_20260817_202551_r1/pair.iq,fwd,2026-08-17,32000000,22.04,0.5112,2604,HEALTHY,fwd,1,0,0
/mnt/onetb/scratch/qpsk-jupiter-modem/two_jup/r3cap/accept_rxq_20260817_223859_r1/pair.iq,fwd,2026-08-17,32000000,22.16,0.5147,2604,HEALTHY,fwd,1,0,0
/mnt/onetb/scratch/qpsk-jupiter-modem/two_jup/r3cap/arqab_20260807_022928_arqoff_r1/pair.iq,rev,2026-08-07,32000000,38.14,0.5014,2604,DEGENERATE,rev,1,0,0
/mnt/onetb/scratch/qpsk-jupiter-modem/two_jup/r3cap/arqab_20260807_022928_arqoff_r2/pair.iq,rev,2026-08-07,32000000,22.03,0.5014,2604,HEALTHY,rev,1,0,0
/mnt/onetb/scratch/qpsk-jupiter-modem/two_jup/r3cap/arqab_20260807_022928_arqoff_r3/pair.iq,rev,2026-08-07,32000000,38.08,0.5054,2604,DEGENERATE,rev,1,0,0
/mnt/onetb/scratch/qpsk-jupiter-modem/two_jup/r3cap/arqab_20260807_022928_arqon_r1/pair.iq,rev,2026-08-07,32000000,37.95,0.5033,2604,DEGENERATE,rev,1,0,0
/mnt/onetb/scratch/qpsk-jupiter-modem/two_jup/r3cap/arqab_20260807_022928_arqon_r2/pair.iq,rev,2026-08-07,32000000,38.14,0.5011,2604,DEGENERATE,rev,1,0,0
/mnt/onetb/scratch/qpsk-jupiter-modem/two_jup/r3cap/arqab_20260807_022928_arqon_r3/pair.iq,rev,2026-08-07,32000000,38.08,0.5022,2604,DEGENERATE,rev,1,0,0
/mnt/onetb/scratch/qpsk-jupiter-modem/two_jup/r3cap/arqab_n2_20260807_arqoff_r1/pair.iq,rev,2026-08-07,32000000,22.03,0.5192,2604,HEALTHY,rev,1,0,0
/mnt/onetb/scratch/qpsk-jupiter-modem/two_jup/r3cap/arqab_n2_20260807_arqoff_r2/pair.iq,rev,2026-08-07,32000000,38.19,0.4790,2604,DEGENERATE,rev,1,0,0
/mnt/onetb/scratch/qpsk-jupiter-modem/two_jup/r3cap/arqab_n2_20260807_arqoff_r3/pair.iq,rev,2026-08-07,32000000,37.73,0.4897,2604,DEGENERATE,rev,1,0,0
/mnt/onetb/scratch/qpsk-jupiter-modem/two_jup/r3cap/arqab_n2_20260807_arqoff_r4/pair.iq,rev,2026-08-07,32000000,37.95,0.4883,2604,DEGENERATE,rev,1,0,0
/mnt/onetb/scratch/qpsk-jupiter-modem/two_jup/r3cap/arqab_n2_20260807_arqoff_r5/pair.iq,rev,2026-08-07,32000000,38.19,0.4725,2604,DEGENERATE,rev,1,0,0
/mnt/onetb/scratch/qpsk-jupiter-modem/two_jup/r3cap/arqab_n2_20260807_arqoff_r6/pair.iq,rev,2026-08-07,32000000,38.38,0.5053,2604,DEGENERATE,rev,1,0,0
/mnt/onetb/scratch/qpsk-jupiter-modem/two_jup/r3cap/arqab_n2_20260807_arqon_r1/pair.iq,rev,2026-08-07,32000000,37.86,0.4858,2604,DEGENERATE,rev,1,0,0
/mnt/onetb/scratch/qpsk-jupiter-modem/two_jup/r3cap/arqab_n2_20260807_arqon_r2/pair.iq,rev,2026-08-07,32000000,37.95,0.5364,2604,DEGENERATE,rev,1,0,0
/mnt/onetb/scratch/qpsk-jupiter-modem/two_jup/r3cap/arqab_n2_20260807_arqon_r3/pair.iq,rev,2026-08-07,32000000,35.98,0.4875,2604,DEGENERATE,rev,1,0,0
/mnt/onetb/scratch/qpsk-jupiter-modem/two_jup/r3cap/arqab_n2_20260807_arqon_r4/pair.iq,rev,2026-08-07,32000000,38.19,0.4820,2604,DEGENERATE,rev,1,0,0
/mnt/onetb/scratch/qpsk-jupiter-modem/two_jup/r3cap/arqab_n2_20260807_arqon_r5/pair.iq,rev,2026-08-07,32000000,36.66,0.4839,2604,DEGENERATE,rev,1,0,0
/mnt/onetb/scratch/qpsk-jupiter-modem/two_jup/r3cap/arqab_n2_20260807_arqon_r6/pair.iq,rev,2026-08-07,32000000,38.19,0.4797,2604,DEGENERATE,rev,1,0,0
/mnt/onetb/scratch/qpsk-jupiter-modem/two_jup/r3cap/arqac2_20260731_232750_r1/pair.iq,rev,2026-07-31,32000000,38.19,0.4687,2604,DEGENERATE,rev,1,0,0
/mnt/onetb/scratch/qpsk-jupiter-modem/two_jup/r3cap/arqac2_20260731_232750_r2/pair.iq,rev,2026-07-31,32000000,37.95,0.4580,2604,DEGENERATE,rev,1,0,0
/mnt/onetb/scratch/qpsk-jupiter-modem/two_jup/r3cap/arqac2_20260731_232750_r3/pair.iq,rev,2026-07-31,32000000,37.77,0.5186,2604,DEGENERATE,rev,1,0,0
/mnt/onetb/scratch/qpsk-jupiter-modem/two_jup/r3cap/arqacc_20260731_230411_r1/pair.iq,rev,2026-07-31,32000000,38.09,0.4902,2604,DEGENERATE,rev,1,0,0
/mnt/onetb/scratch/qpsk-jupiter-modem/two_jup/r3cap/arqacc_20260731_230411_r2/pair.iq,rev,2026-07-31,32000000,18.31,0.4373,2604,HEALTHY,rev,1,0,0
/mnt/onetb/scratch/qpsk-jupiter-modem/two_jup/r3cap/arqacc_20260731_230411_r3/pair.iq,rev,2026-07-31,32000000,38.21,0.4225,2604,DEGENERATE,rev,1,0,0
/mnt/onetb/scratch/qpsk-jupiter-modem/two_jup/r3cap/arqtune_20260807_030101_stock_r1/pair.iq,rev,2026-08-07,32000000,37.86,0.5126,2604,DEGENERATE,rev,1,0,0
/mnt/onetb/scratch/qpsk-jupiter-modem/two_jup/r3cap/arqtune_20260807_030101_stock_r2/pair.iq,rev,2026-08-07,32000000,37.73,0.5367,2604,DEGENERATE,rev,1,0,0
/mnt/onetb/scratch/qpsk-jupiter-modem/two_jup/r3cap/arqtune_20260807_030101_stock_r3/pair.iq,rev,2026-08-07,32000000,37.97,0.5348,2604,DEGENERATE,rev,1,0,0
/mnt/onetb/scratch/qpsk-jupiter-modem/two_jup/r3cap/arqtune_20260807_030101_tuned_r1/pair.iq,rev,2026-08-07,32000000,22.03,0.5092,2604,HEALTHY,rev,1,0,0
/mnt/onetb/scratch/qpsk-jupiter-modem/two_jup/r3cap/arqtune_20260807_030101_tuned_r2/pair.iq,rev,2026-08-07,32000000,38.43,0.5190,2604,DEGENERATE,rev,1,0,0
/mnt/onetb/scratch/qpsk-jupiter-modem/two_jup/r3cap/arqtune_20260807_030101_tuned_r3/pair.iq,rev,2026-08-07,32000000,38.37,0.5203,2604,DEGENERATE,rev,1,0,0
/mnt/onetb/scratch/qpsk-jupiter-modem/two_jup/r3cap/arqx_r1/pair.iq,rev,2026-07-31,32000000,38.20,0.4551,2604,DEGENERATE,rev,1,0,0
/mnt/onetb/scratch/qpsk-jupiter-modem/two_jup/r3cap/arqx_r2/pair.iq,rev,2026-07-31,32000000,38.19,0.4678,2604,DEGENERATE,rev,1,0,0
/mnt/onetb/scratch/qpsk-jupiter-modem/two_jup/r3cap/arqx_r3/pair.iq,rev,2026-07-31,32000000,38.14,0.4732,2604,DEGENERATE,rev,1,0,0
/mnt/onetb/scratch/qpsk-jupiter-modem/two_jup/r3cap/beatfix_accept_20260821_200812_r1_ctl0/pair.iq,fwd,2026-08-21,32000000,0.74,0.8618,332,DEGENERATE,fwd,1,0,0
/mnt/onetb/scratch/qpsk-jupiter-modem/two_jup/r3cap/beatfix_accept_20260821_200812_r2_ctl3/pair.iq,fwd,2026-08-21,32000000,2.88,0.9995,256,DEGENERATE,fwd,1,0,0
/mnt/onetb/scratch/qpsk-jupiter-modem/two_jup/r3cap/beatfix_accept_20260821_200812_r3_ctl0/pair.iq,fwd,2026-08-21,32000000,2.88,0.9994,256,DEGENERATE,fwd,1,0,0
/mnt/onetb/scratch/qpsk-jupiter-modem/two_jup/r3cap/beatfix_accept_20260821_200812_r4_ctl3/pair.iq,fwd,2026-08-21,32000000,2.88,0.9995,256,DEGENERATE,fwd,1,0,0
/mnt/onetb/scratch/qpsk-jupiter-modem/two_jup/r3cap/beatfix_accept_20260822_020917_r1_ctl0/pair.iq,fwd,2026-08-22,32000000,2.88,0.9994,256,DEGENERATE,fwd,1,0,0
/mnt/onetb/scratch/qpsk-jupiter-modem/two_jup/r3cap/beatfix_accept_20260822_020917_r2_ctl3/pair.iq,fwd,2026-08-22,32000000,2.88,0.9995,256,DEGENERATE,fwd,1,0,0
/mnt/onetb/scratch/qpsk-jupiter-modem/two_jup/r3cap/beatfix_accept_20260822_020917_r3_ctl0/pair.iq,fwd,2026-08-22,32000000,2.88,0.9995,256,DEGENERATE,fwd,1,0,0
/mnt/onetb/scratch/qpsk-jupiter-modem/two_jup/r3cap/beatfix_accept_20260822_020917_r4_ctl3/pair.iq,fwd,2026-08-22,32000000,2.88,0.9994,256,DEGENERATE,fwd,1,0,0
/mnt/onetb/scratch/qpsk-jupiter-modem/two_jup/r3cap/ber_leg_20260825/pair.iq,fwd,2026-08-25,32000000,22.27,0.5218,2604,HEALTHY,fwd,1,0,0
/mnt/onetb/scratch/qpsk-jupiter-modem/two_jup/r3cap/bigiq_092620_a1/pair.iq,rev,2026-08-09,320000000,39.82,0.5548,2604,DEGENERATE,rev,1,0,0
/mnt/onetb/scratch/qpsk-jupiter-modem/two_jup/r3cap/bigiq_092954_a2/pair.iq,rev,2026-08-09,320000000,39.92,0.5471,2604,DEGENERATE,rev,1,0,0
/mnt/onetb/scratch/qpsk-jupiter-modem/two_jup/r3cap/bigiq_093328_a3/pair.iq,rev,2026-08-09,320000000,22.16,0.5218,2604,HEALTHY,rev,1,0,0
/mnt/onetb/scratch/qpsk-jupiter-modem/two_jup/r3cap/bigiq_093702_a4/pair.iq,rev,2026-08-09,320000000,39.46,0.5128,2604,DEGENERATE,rev,1,0,0
/mnt/onetb/scratch/qpsk-jupiter-modem/two_jup/r3cap/bn2ab_20260807_012335_bn2_r1/pair.iq,rev,2026-08-07,32000000,19.21,0.5358,2604,HEALTHY,rev,1,0,0
/mnt/onetb/scratch/qpsk-jupiter-modem/two_jup/r3cap/bn2ab_20260807_012335_bn2_r2/pair.iq,rev,2026-08-07,32000000,22.70,0.5281,2604,HEALTHY,rev,1,0,0
/mnt/onetb/scratch/qpsk-jupiter-modem/two_jup/r3cap/bn2ab_20260807_012335_bn2_r3/pair.iq,rev,2026-08-07,32000000,38.39,0.5309,2604,DEGENERATE,rev,1,0,0
/mnt/onetb/scratch/qpsk-jupiter-modem/two_jup/r3cap/bn2ab_20260807_012335_control_r1/pair.iq,rev,2026-08-07,32000000,36.60,0.5036,2604,DEGENERATE,rev,1,0,0
/mnt/onetb/scratch/qpsk-jupiter-modem/two_jup/r3cap/bn2ab_20260807_012335_control_r2/pair.iq,rev,2026-08-07,32000000,38.08,0.4963,2604,DEGENERATE,rev,1,0,0
/mnt/onetb/scratch/qpsk-jupiter-modem/two_jup/r3cap/bn2ab_20260807_012335_control_r3/pair.iq,rev,2026-08-07,32000000,38.01,0.5065,2604,DEGENERATE,rev,1,0,0
/mnt/onetb/scratch/qpsk-jupiter-modem/two_jup/r3cap/catch8/pair.iq,rev,2026-08-03,32000000,22.09,0.4468,2604,HEALTHY,rev,1,0,0
/mnt/onetb/scratch/qpsk-jupiter-modem/two_jup/r3cap/cfo0_M32/pair.iq,rev,2026-07-30,160000000,38.19,0.5216,2604,DEGENERATE,rev,1,0,0
/mnt/onetb/scratch/qpsk-jupiter-modem/two_jup/r3cap/cp1_verdict2/pair.iq,fwd,2026-08-12,32000000,22.22,0.5183,2604,HEALTHY,fwd,1,1,0
/mnt/onetb/scratch/qpsk-jupiter-modem/two_jup/r3cap/cp1_verdict/pair.iq,fwd,2026-08-12,32000000,22.04,0.5214,2604,HEALTHY,fwd,1,1,0
/mnt/onetb/scratch/qpsk-jupiter-modem/two_jup/r3cap/cyc_parity/pair.iq,rev,2026-07-31,160000000,22.04,0.4658,2604,HEALTHY,rev,1,0,0
/mnt/onetb/scratch/qpsk-jupiter-modem/two_jup/r3cap/cyc_probe/pair.iq,rev,2026-08-09,16000000,39.92,0.5415,2604,DEGENERATE,rev,1,0,0
/mnt/onetb/scratch/qpsk-jupiter-modem/two_jup/r3cap/diag146_half/pair.iq,?,2026-08-12,32000000,34.93,0.5807,1020,DEGENERATE,?,0,0,0
/mnt/onetb/scratch/qpsk-jupiter-modem/two_jup/r3cap/evm_recheck_A/pair.iq,?,2026-08-12,32000000,22.39,0.5147,2604,HEALTHY,?,0,0,0
/mnt/onetb/scratch/qpsk-jupiter-modem/two_jup/r3cap/evm_recheck_B2/pair.iq,?,2026-08-12,32000000,34.87,0.4425,2604,DEGENERATE,?,0,0,0
/mnt/onetb/scratch/qpsk-jupiter-modem/two_jup/r3cap/evm_recheck_B/pair.iq,?,2026-08-12,32000000,34.92,0.4188,2604,DEGENERATE,?,0,0,0
/mnt/onetb/scratch/qpsk-jupiter-modem/two_jup/r3cap/evm_swap_A/pair.iq,fwd,2026-08-12,32000000,22.16,0.5252,2604,HEALTHY,fwd,1,0,0
/mnt/onetb/scratch/qpsk-jupiter-modem/two_jup/r3cap/evm_swap_B/pair.iq,rev,2026-08-12,32000000,34.87,0.4472,2604,DEGENERATE,rev,1,0,0
/mnt/onetb/scratch/qpsk-jupiter-modem/two_jup/r3cap/fix_M32_v1/pair.iq,rev,2026-07-30,160000000,38.14,0.4395,2604,DEGENERATE,rev,1,0,0
/mnt/onetb/scratch/qpsk-jupiter-modem/two_jup/r3cap/fwdbase_20260823_080537/pair.iq,fwd,2026-08-23,16000000,2.88,0.9995,256,DEGENERATE,fwd,1,0,0
/mnt/onetb/scratch/qpsk-jupiter-modem/two_jup/r3cap/gateverify/pair.iq,rev,2026-08-10,1600000,22.03,0.5098,2604,HEALTHY,rev,1,0,0
/mnt/onetb/scratch/qpsk-jupiter-modem/two_jup/r3cap/hunt_auto_20260731_210341/pair.iq,rev,2026-07-31,32000000,38.25,0.4209,2604,DEGENERATE,rev,1,0,0
/mnt/onetb/scratch/qpsk-jupiter-modem/two_jup/r3cap/hunt_auto_20260731_211829/pair.iq,rev,2026-07-31,160000000,38.21,0.5151,2604,DEGENERATE,rev,1,0,0
/mnt/onetb/scratch/qpsk-jupiter-modem/two_jup/r3cap/hunt_auto_20260801_094406/pair.iq,rev,2026-08-01,32000000,21.85,0.5044,2604,HEALTHY,rev,1,0,0
/mnt/onetb/scratch/qpsk-jupiter-modem/two_jup/r3cap/hunt_auto_20260801_220503/pair.iq,rev,2026-08-01,32000000,38.25,0.4536,2604,DEGENERATE,rev,1,0,0
/mnt/onetb/scratch/qpsk-jupiter-modem/two_jup/r3cap/hunt_caloff_20260731_211423/pair.iq,rev,2026-07-31,32000000,36.49,0.4122,1024,DEGENERATE,rev,1,0,0
/mnt/onetb/scratch/qpsk-jupiter-modem/two_jup/r3cap/mab_20260809_195519_M16_r1/pair.iq,rev,2026-08-09,16000000,22.03,0.5158,2604,HEALTHY,rev,1,0,0
/mnt/onetb/scratch/qpsk-jupiter-modem/two_jup/r3cap/mab_20260809_195519_M16_r2/pair.iq,rev,2026-08-09,16000000,22.03,0.5129,2604,HEALTHY,rev,1,0,0
/mnt/onetb/scratch/qpsk-jupiter-modem/two_jup/r3cap/mab_20260809_195519_M16_r3/pair.iq,rev,2026-08-09,16000000,22.03,0.5206,2604,HEALTHY,rev,1,0,0
/mnt/onetb/scratch/qpsk-jupiter-modem/two_jup/r3cap/mab_20260809_195519_M32_r1/pair.iq,rev,2026-08-09,16000000,39.98,0.5070,2604,DEGENERATE,rev,1,0,0
/mnt/onetb/scratch/qpsk-jupiter-modem/two_jup/r3cap/mab_20260809_195519_M32_r2/pair.iq,rev,2026-08-09,16000000,18.85,0.5203,2604,HEALTHY,rev,1,0,0
/mnt/onetb/scratch/qpsk-jupiter-modem/two_jup/r3cap/mab_20260809_195519_M32_r3/pair.iq,rev,2026-08-09,16000000,22.03,0.5141,2604,HEALTHY,rev,1,0,0
/mnt/onetb/scratch/qpsk-jupiter-modem/two_jup/r3cap/msweep_M16/pair.iq,rev,2026-08-09,16000000,22.03,0.5215,2604,HEALTHY,rev,1,0,0
/mnt/onetb/scratch/qpsk-jupiter-modem/two_jup/r3cap/msweep_M32/pair.iq,rev,2026-08-09,16000000,22.03,0.5127,2604,HEALTHY,rev,1,0,0
/mnt/onetb/scratch/qpsk-jupiter-modem/two_jup/r3cap/msweep_M64/pair.iq,rev,2026-08-09,16000000,22.03,0.5161,2604,HEALTHY,rev,1,0,0
/mnt/onetb/scratch/qpsk-jupiter-modem/two_jup/r3cap/pumptime/pair.iq,rev,2026-08-10,1600000,39.94,0.5134,2604,DEGENERATE,rev,1,0,0
/mnt/onetb/scratch/qpsk-jupiter-modem/two_jup/r3cap/recover1/pair.iq,rev,2026-08-10,1600000,13.26,0.4903,2604,DEGENERATE,rev,1,0,0
/mnt/onetb/scratch/qpsk-jupiter-modem/two_jup/r3cap/recover2/pair.iq,rev,2026-08-10,1600000,22.21,0.5275,2604,HEALTHY,rev,1,0,0
/mnt/onetb/scratch/qpsk-jupiter-modem/two_jup/r3cap/resid_M16/pair.iq,rev,2026-07-30,32000000,38.19,0.4342,2604,DEGENERATE,rev,1,0,0
/mnt/onetb/scratch/qpsk-jupiter-modem/two_jup/r3cap/resid_M64/pair.iq,rev,2026-07-30,32000000,37.97,0.4968,2604,DEGENERATE,rev,1,0,0
/mnt/onetb/scratch/qpsk-jupiter-modem/two_jup/r3cap/residual_20260730_201022/pair.iq,rev,2026-07-30,160000000,37.80,0.4320,2604,DEGENERATE,rev,1,0,0
/mnt/onetb/scratch/qpsk-jupiter-modem/two_jup/r3cap/restore_004656/pair.iq,rev,2026-08-26,1600000,37.53,0.4712,2604,DEGENERATE,rev,1,0,0
/mnt/onetb/scratch/qpsk-jupiter-modem/two_jup/r3cap/restore_005145/pair.iq,rev,2026-08-26,1600000,37.77,0.3967,2604,DEGENERATE,rev,1,0,0
/mnt/onetb/scratch/qpsk-jupiter-modem/two_jup/r3cap/restore_005729/pair.iq,rev,2026-08-26,1600000,38.19,0.3951,2604,DEGENERATE,rev,1,0,0
/mnt/onetb/scratch/qpsk-jupiter-modem/two_jup/r3cap/restore_010146/pair.iq,rev,2026-08-26,1600000,37.90,0.4688,2604,DEGENERATE,rev,1,0,0
/mnt/onetb/scratch/qpsk-jupiter-modem/two_jup/r3cap/restore_015748/pair.iq,rev,2026-08-14,1600000,41.50,0.4808,2604,DEGENERATE,rev,1,0,0
/mnt/onetb/scratch/qpsk-jupiter-modem/two_jup/r3cap/restore_020059/pair.iq,rev,2026-08-22,1600000,29.64,0.4099,2604,HEALTHY,rev,1,0,0
/mnt/onetb/scratch/qpsk-jupiter-modem/two_jup/r3cap/restore_020201/pair.iq,rev,2026-08-14,1600000,41.15,0.4168,2604,DEGENERATE,rev,1,0,0
/mnt/onetb/scratch/qpsk-jupiter-modem/two_jup/r3cap/restore_020515/pair.iq,rev,2026-08-22,1600000,32.11,0.5929,1024,DEGENERATE,rev,1,0,0
/mnt/onetb/scratch/qpsk-jupiter-modem/two_jup/r3cap/restore_021707/pair.iq,rev,2026-08-14,1600000,40.96,0.4605,2604,DEGENERATE,rev,1,0,0
/mnt/onetb/scratch/qpsk-jupiter-modem/two_jup/r3cap/restore_022316/pair.iq,rev,2026-08-22,1600000,41.50,0.6965,1020,DEGENERATE,rev,1,0,0
/mnt/onetb/scratch/qpsk-jupiter-modem/two_jup/r3cap/restore_022900/pair.iq,rev,2026-08-22,1600000,41.50,0.7001,1020,DEGENERATE,rev,1,0,0
/mnt/onetb/scratch/qpsk-jupiter-modem/two_jup/r3cap/restore_034045/pair.iq,rev,2026-08-15,1600000,41.50,0.4178,2604,DEGENERATE,rev,1,0,0
/mnt/onetb/scratch/qpsk-jupiter-modem/two_jup/r3cap/restore_070953/pair.iq,rev,2026-08-18,1600000,41.56,0.6099,1024,DEGENERATE,rev,1,0,0
/mnt/onetb/scratch/qpsk-jupiter-modem/two_jup/r3cap/restore_071312/pair.iq,rev,2026-08-18,1600000,41.50,0.5347,2604,DEGENERATE,rev,1,0,0
/mnt/onetb/scratch/qpsk-jupiter-modem/two_jup/r3cap/restore_071912/pair.iq,rev,2026-08-18,1600000,41.50,0.5114,2604,DEGENERATE,rev,1,0,0
/mnt/onetb/scratch/qpsk-jupiter-modem/two_jup/r3cap/restore_072309/pair.iq,rev,2026-08-14,1600000,41.38,0.4224,2604,DEGENERATE,rev,1,0,0
/mnt/onetb/scratch/qpsk-jupiter-modem/two_jup/r3cap/restore_072355/pair.iq,rev,2026-08-18,1600000,41.51,0.5142,2604,DEGENERATE,rev,1,0,0
/mnt/onetb/scratch/qpsk-jupiter-modem/two_jup/r3cap/restore_073044/pair.iq,rev,2026-08-18,1600000,41.56,0.4731,2604,DEGENERATE,rev,1,0,0
/mnt/onetb/scratch/qpsk-jupiter-modem/two_jup/r3cap/restore_073715/pair.iq,rev,2026-08-14,1600000,41.51,0.4353,2604,DEGENERATE,rev,1,0,0
/mnt/onetb/scratch/qpsk-jupiter-modem/two_jup/r3cap/restore_074043/pair.iq,rev,2026-08-10,1600000,22.03,0.5034,2604,HEALTHY,rev,1,0,0
/mnt/onetb/scratch/qpsk-jupiter-modem/two_jup/r3cap/restore_074433/pair.iq,rev,2026-08-19,1600000,41.20,0.6068,1024,DEGENERATE,rev,1,0,0
/mnt/onetb/scratch/qpsk-jupiter-modem/two_jup/r3cap/restore_074738/pair.iq,rev,2026-08-19,1600000,41.50,0.4154,1020,DEGENERATE,rev,1,0,0
/mnt/onetb/scratch/qpsk-jupiter-modem/two_jup/r3cap/restore_081131/pair.iq,rev,2026-08-18,1600000,41.51,0.5151,2604,DEGENERATE,rev,1,0,0
/mnt/onetb/scratch/qpsk-jupiter-modem/two_jup/r3cap/restore_081213/pair.iq,rev,2026-08-19,1600000,40.66,0.6118,1020,DEGENERATE,rev,1,0,0
/mnt/onetb/scratch/qpsk-jupiter-modem/two_jup/r3cap/restore_081709/pair.iq,rev,2026-08-18,1600000,41.63,0.4624,2604,DEGENERATE,rev,1,0,0
/mnt/onetb/scratch/qpsk-jupiter-modem/two_jup/r3cap/restore_082928/pair.iq,rev,2026-08-26,1600000,38.01,0.4151,2604,DEGENERATE,rev,1,0,0
/mnt/onetb/scratch/qpsk-jupiter-modem/two_jup/r3cap/restore_083639/pair.iq,rev,2026-08-19,1600000,40.60,0.5808,1020,DEGENERATE,rev,1,0,0
/mnt/onetb/scratch/qpsk-jupiter-modem/two_jup/r3cap/restore_083955/pair.iq,rev,2026-08-26,1600000,38.25,0.4207,2604,DEGENERATE,rev,1,0,0
/mnt/onetb/scratch/qpsk-jupiter-modem/two_jup/r3cap/restore_090344/pair.iq,rev,2026-08-19,1600000,40.96,0.6581,1024,DEGENERATE,rev,1,0,0
/mnt/onetb/scratch/qpsk-jupiter-modem/two_jup/r3cap/restore_090749/pair.iq,rev,2026-08-19,1600000,41.69,0.5117,1024,DEGENERATE,rev,1,0,0
/mnt/onetb/scratch/qpsk-jupiter-modem/two_jup/r3cap/restore_091337/pair.iq,rev,2026-08-19,1600000,40.96,0.5993,1024,DEGENERATE,rev,1,0,0
/mnt/onetb/scratch/qpsk-jupiter-modem/two_jup/r3cap/restore_091642/pair.iq,rev,2026-08-18,1600000,41.51,0.5773,2604,DEGENERATE,rev,1,0,0
/mnt/onetb/scratch/qpsk-jupiter-modem/two_jup/r3cap/restore_092005/pair.iq,rev,2026-08-19,1600000,41.63,0.5397,1020,DEGENERATE,rev,1,0,0
/mnt/onetb/scratch/qpsk-jupiter-modem/two_jup/r3cap/restore_093725/pair.iq,rev,2026-08-19,1600000,41.50,0.5379,2604,DEGENERATE,rev,1,0,0
/mnt/onetb/scratch/qpsk-jupiter-modem/two_jup/r3cap/restore_094657/pair.iq,rev,2026-08-19,1600000,40.96,0.5918,1024,DEGENERATE,rev,1,0,0
/mnt/onetb/scratch/qpsk-jupiter-modem/two_jup/r3cap/restore_103237/pair.iq,rev,2026-08-18,1600000,41.50,0.4737,2604,DEGENERATE,rev,1,0,0
/mnt/onetb/scratch/qpsk-jupiter-modem/two_jup/r3cap/restore_103556/pair.iq,rev,2026-08-18,1600000,41.50,0.5207,2604,DEGENERATE,rev,1,0,0
/mnt/onetb/scratch/qpsk-jupiter-modem/two_jup/r3cap/restore_104722/pair.iq,rev,2026-08-18,1600000,40.96,0.5461,2604,DEGENERATE,rev,1,0,0
/mnt/onetb/scratch/qpsk-jupiter-modem/two_jup/r3cap/restore_105026/pair.iq,rev,2026-08-18,1600000,41.50,0.5437,2604,DEGENERATE,rev,1,0,0
/mnt/onetb/scratch/qpsk-jupiter-modem/two_jup/r3cap/restore_105919/pair.iq,rev,2026-08-18,1600000,40.96,0.5319,2604,DEGENERATE,rev,1,0,0
/mnt/onetb/scratch/qpsk-jupiter-modem/two_jup/r3cap/restore_111031/pair.iq,rev,2026-08-18,1600000,41.50,0.5514,2604,DEGENERATE,rev,1,0,0
/mnt/onetb/scratch/qpsk-jupiter-modem/two_jup/r3cap/restore_111335/pair.iq,rev,2026-08-18,1600000,41.50,0.5541,2604,DEGENERATE,rev,1,0,0
/mnt/onetb/scratch/qpsk-jupiter-modem/two_jup/r3cap/restore_111903/pair.iq,rev,2026-08-18,1600000,41.56,0.5207,2604,DEGENERATE,rev,1,0,0
/mnt/onetb/scratch/qpsk-jupiter-modem/two_jup/r3cap/restore_120213/pair.iq,rev,2026-08-18,1600000,40.96,0.5685,2604,DEGENERATE,rev,1,0,0
/mnt/onetb/scratch/qpsk-jupiter-modem/two_jup/r3cap/restore_121141/pair.iq,rev,2026-08-18,1600000,29.54,0.5549,1020,HEALTHY,rev,1,0,0
/mnt/onetb/scratch/qpsk-jupiter-modem/two_jup/r3cap/restore_121538/pair.iq,rev,2026-08-19,1600000,41.50,0.5131,2604,DEGENERATE,rev,1,0,0
/mnt/onetb/scratch/qpsk-jupiter-modem/two_jup/r3cap/restore_121825/pair.iq,rev,2026-08-18,1600000,41.50,0.5621,2604,DEGENERATE,rev,1,0,0
/mnt/onetb/scratch/qpsk-jupiter-modem/two_jup/r3cap/restore_121857/pair.iq,rev,2026-08-19,1600000,41.50,0.4515,2604,DEGENERATE,rev,1,0,0
/mnt/onetb/scratch/qpsk-jupiter-modem/two_jup/r3cap/restore_124444/pair.iq,rev,2026-08-18,1600000,41.63,0.4888,2604,DEGENERATE,rev,1,0,0
/mnt/onetb/scratch/qpsk-jupiter-modem/two_jup/r3cap/restore_124500/pair.iq,rev,2026-08-26,1600000,37.62,0.4476,2604,DEGENERATE,rev,1,0,0
/mnt/onetb/scratch/qpsk-jupiter-modem/two_jup/r3cap/restore_124832/pair.iq,rev,2026-08-18,1600000,41.50,0.5095,2604,DEGENERATE,rev,1,0,0
/mnt/onetb/scratch/qpsk-jupiter-modem/two_jup/r3cap/restore_125503/pair.iq,rev,2026-08-26,1600000,38.20,0.4461,2604,DEGENERATE,rev,1,0,0
/mnt/onetb/scratch/qpsk-jupiter-modem/two_jup/r3cap/restore_131602/pair.iq,rev,2026-08-18,1600000,41.50,0.5259,2604,DEGENERATE,rev,1,0,0
/mnt/onetb/scratch/qpsk-jupiter-modem/two_jup/r3cap/restore_133323/pair.iq,rev,2026-08-18,1600000,41.50,0.5267,2604,DEGENERATE,rev,1,0,0
/mnt/onetb/scratch/qpsk-jupiter-modem/two_jup/r3cap/restore_134237/pair.iq,rev,2026-08-18,1600000,40.96,0.5650,2604,DEGENERATE,rev,1,0,0
/mnt/onetb/scratch/qpsk-jupiter-modem/two_jup/r3cap/restore_134951/pair.iq,rev,2026-08-18,1600000,40.96,0.5554,2604,DEGENERATE,rev,1,0,0
/mnt/onetb/scratch/qpsk-jupiter-modem/two_jup/r3cap/restore_135439/pair.iq,rev,2026-08-18,1600000,41.50,0.5427,2604,DEGENERATE,rev,1,0,0
/mnt/onetb/scratch/qpsk-jupiter-modem/two_jup/r3cap/restore_135641/pair.iq,rev,2026-08-19,1600000,41.50,0.4673,2604,DEGENERATE,rev,1,0,0
/mnt/onetb/scratch/qpsk-jupiter-modem/two_jup/r3cap/restore_135741/pair.iq,rev,2026-08-18,1600000,17.11,0.4870,2604,HEALTHY,rev,1,0,0
/mnt/onetb/scratch/qpsk-jupiter-modem/two_jup/r3cap/restore_135957/pair.iq,rev,2026-08-19,1600000,41.50,0.5338,2604,DEGENERATE,rev,1,0,0
/mnt/onetb/scratch/qpsk-jupiter-modem/two_jup/r3cap/restore_141340/pair.iq,rev,2026-08-19,1600000,41.50,0.5597,2604,DEGENERATE,rev,1,0,0
/mnt/onetb/scratch/qpsk-jupiter-modem/two_jup/r3cap/restore_143126/pair.iq,rev,2026-08-15,1600000,41.51,0.5064,2604,DEGENERATE,rev,1,0,0
/mnt/onetb/scratch/qpsk-jupiter-modem/two_jup/r3cap/restore_143428/pair.iq,rev,2026-08-26,1600000,37.93,0.4631,2604,DEGENERATE,rev,1,0,0
/mnt/onetb/scratch/qpsk-jupiter-modem/two_jup/r3cap/restore_143812/pair.iq,rev,2026-08-26,1600000,22.16,0.5345,2604,HEALTHY,rev,1,0,0
/mnt/onetb/scratch/qpsk-jupiter-modem/two_jup/r3cap/restore_144243/pair.iq,rev,2026-08-15,1600000,41.38,0.5259,2604,DEGENERATE,rev,1,0,0
/mnt/onetb/scratch/qpsk-jupiter-modem/two_jup/r3cap/restore_145130/pair.iq,rev,2026-08-15,1600000,41.51,0.4670,2604,DEGENERATE,rev,1,0,0
/mnt/onetb/scratch/qpsk-jupiter-modem/two_jup/r3cap/restore_145440/pair.iq,rev,2026-08-26,1600000,38.25,0.4115,2604,DEGENERATE,rev,1,0,0
/mnt/onetb/scratch/qpsk-jupiter-modem/two_jup/r3cap/restore_150724/pair.iq,rev,2026-08-15,1600000,41.51,0.4507,2604,DEGENERATE,rev,1,0,0
/mnt/onetb/scratch/qpsk-jupiter-modem/two_jup/r3cap/restore_154709/pair.iq,rev,2026-08-26,1600000,37.86,0.4289,2604,DEGENERATE,rev,1,0,0
/mnt/onetb/scratch/qpsk-jupiter-modem/two_jup/r3cap/restore_160359/pair.iq,rev,2026-08-14,1600000,41.50,0.4062,2604,DEGENERATE,rev,1,0,0
/mnt/onetb/scratch/qpsk-jupiter-modem/two_jup/r3cap/restore_160601/pair.iq,rev,2026-08-26,1600000,38.14,0.4245,2604,DEGENERATE,rev,1,0,0
/mnt/onetb/scratch/qpsk-jupiter-modem/two_jup/r3cap/restore_160806/pair.iq,rev,2026-08-14,1600000,41.50,0.4863,2604,DEGENERATE,rev,1,0,0
/mnt/onetb/scratch/qpsk-jupiter-modem/two_jup/r3cap/restore_161317/pair.iq,rev,2026-08-14,1600000,41.15,0.4408,2604,DEGENERATE,rev,1,0,0
/mnt/onetb/scratch/qpsk-jupiter-modem/two_jup/r3cap/restore_163749/pair.iq,rev,2026-08-18,1600000,41.56,0.5367,2604,DEGENERATE,rev,1,0,0
/mnt/onetb/scratch/qpsk-jupiter-modem/two_jup/r3cap/restore_164054/pair.iq,rev,2026-08-18,1600000,41.51,0.5868,1024,DEGENERATE,rev,1,0,0
/mnt/onetb/scratch/qpsk-jupiter-modem/two_jup/r3cap/restore_165505/pair.iq,rev,2026-08-18,1600000,40.96,0.6173,1020,DEGENERATE,rev,1,0,0
/mnt/onetb/scratch/qpsk-jupiter-modem/two_jup/r3cap/restore_170415/pair.iq,rev,2026-08-18,1600000,41.50,0.5395,2604,DEGENERATE,rev,1,0,0
/mnt/onetb/scratch/qpsk-jupiter-modem/two_jup/r3cap/restore_171330/pair.iq,rev,2026-08-17,1600000,41.51,0.5385,2604,DEGENERATE,rev,1,0,0
/mnt/onetb/scratch/qpsk-jupiter-modem/two_jup/r3cap/restore_171419/pair.iq,rev,2026-08-14,1600000,41.15,0.4191,2604,DEGENERATE,rev,1,0,0
/mnt/onetb/scratch/qpsk-jupiter-modem/two_jup/r3cap/restore_171736/pair.iq,rev,2026-08-14,1600000,41.50,0.4181,2604,DEGENERATE,rev,1,0,0
/mnt/onetb/scratch/qpsk-jupiter-modem/two_jup/r3cap/restore_171754/pair.iq,rev,2026-08-17,1600000,41.50,0.5374,2604,DEGENERATE,rev,1,0,0
/mnt/onetb/scratch/qpsk-jupiter-modem/two_jup/r3cap/restore_172143/pair.iq,rev,2026-08-14,1600000,41.50,0.4569,2604,DEGENERATE,rev,1,0,0
/mnt/onetb/scratch/qpsk-jupiter-modem/two_jup/r3cap/restore_180301/pair.iq,rev,2026-08-13,1600000,41.27,0.4948,2604,DEGENERATE,rev,1,0,0
/mnt/onetb/scratch/qpsk-jupiter-modem/two_jup/r3cap/restore_183551/pair.iq,rev,2026-08-17,1600000,41.50,0.5171,2604,DEGENERATE,rev,1,0,0
/mnt/onetb/scratch/qpsk-jupiter-modem/two_jup/r3cap/restore_184436/pair.iq,rev,2026-08-18,1600000,41.51,0.5275,1020,DEGENERATE,rev,1,0,0
/mnt/onetb/scratch/qpsk-jupiter-modem/two_jup/r3cap/restore_184800/pair.iq,rev,2026-08-18,1600000,41.50,0.5366,2604,DEGENERATE,rev,1,0,0
/mnt/onetb/scratch/qpsk-jupiter-modem/two_jup/r3cap/restore_185113/pair.iq,rev,2026-08-19,1600000,41.51,0.5431,2604,DEGENERATE,rev,1,0,0
/mnt/onetb/scratch/qpsk-jupiter-modem/two_jup/r3cap/restore_185140/pair.iq,rev,2026-08-21,1600000,41.50,0.4710,2604,DEGENERATE,rev,1,0,0
/mnt/onetb/scratch/qpsk-jupiter-modem/two_jup/r3cap/restore_185252/pair.iq,rev,2026-08-18,1600000,41.50,0.4771,2604,DEGENERATE,rev,1,0,0
/mnt/onetb/scratch/qpsk-jupiter-modem/two_jup/r3cap/restore_185432/pair.iq,rev,2026-08-19,1600000,41.50,0.6094,1020,DEGENERATE,rev,1,0,0
/mnt/onetb/scratch/qpsk-jupiter-modem/two_jup/r3cap/restore_185500/pair.iq,rev,2026-08-21,1600000,41.56,0.4705,2604,DEGENERATE,rev,1,0,0
/mnt/onetb/scratch/qpsk-jupiter-modem/two_jup/r3cap/restore_185931/pair.iq,rev,2026-08-18,1600000,40.96,0.5468,2604,DEGENERATE,rev,1,0,0
/mnt/onetb/scratch/qpsk-jupiter-modem/two_jup/r3cap/restore_192709/pair.iq,rev,2026-08-21,1600000,40.66,0.5885,1024,DEGENERATE,rev,1,0,0
/mnt/onetb/scratch/qpsk-jupiter-modem/two_jup/r3cap/restore_193017/pair.iq,rev,2026-08-21,1600000,41.51,0.4310,2604,DEGENERATE,rev,1,0,0
/mnt/onetb/scratch/qpsk-jupiter-modem/two_jup/r3cap/restore_193414/pair.iq,rev,2026-08-21,1600000,41.63,0.5849,2604,DEGENERATE,rev,1,0,0
/mnt/onetb/scratch/qpsk-jupiter-modem/two_jup/r3cap/restore_193645/pair.iq,rev,2026-08-13,1600000,41.50,0.4492,2604,DEGENERATE,rev,1,0,0
/mnt/onetb/scratch/qpsk-jupiter-modem/two_jup/r3cap/restore_194100/pair.iq,rev,2026-08-13,1600000,41.50,0.4547,2604,DEGENERATE,rev,1,0,0
/mnt/onetb/scratch/qpsk-jupiter-modem/two_jup/r3cap/restore_195910/pair.iq,rev,2026-08-12,1600000,21.85,0.4984,2604,HEALTHY,rev,1,0,0
/mnt/onetb/scratch/qpsk-jupiter-modem/two_jup/r3cap/restore_200922/pair.iq,rev,2026-08-14,1600000,41.50,0.4024,2604,DEGENERATE,rev,1,0,0
/mnt/onetb/scratch/qpsk-jupiter-modem/two_jup/r3cap/restore_201623/pair.iq,rev,2026-08-12,1600000,18.13,0.4584,2604,HEALTHY,rev,1,0,0
/mnt/onetb/scratch/qpsk-jupiter-modem/two_jup/r3cap/restore_202308/pair.iq,rev,2026-08-21,1600000,41.51,0.5216,2604,DEGENERATE,rev,1,0,0
/mnt/onetb/scratch/qpsk-jupiter-modem/two_jup/r3cap/restore_202715/pair.iq,rev,2026-08-18,1600000,41.50,0.5385,2604,DEGENERATE,rev,1,0,0
/mnt/onetb/scratch/qpsk-jupiter-modem/two_jup/r3cap/restore_203944/pair.iq,rev,2026-08-18,1600000,41.74,0.5221,2604,DEGENERATE,rev,1,0,0
/mnt/onetb/scratch/qpsk-jupiter-modem/two_jup/r3cap/restore_204348/pair.iq,rev,2026-08-18,1600000,41.63,0.5468,2604,DEGENERATE,rev,1,0,0
/mnt/onetb/scratch/qpsk-jupiter-modem/two_jup/r3cap/restore_204751/pair.iq,rev,2026-08-18,1600000,41.50,0.5073,2604,DEGENERATE,rev,1,0,0
/mnt/onetb/scratch/qpsk-jupiter-modem/two_jup/r3cap/restore_205314/pair.iq,rev,2026-08-25,1600000,21.80,0.4700,2604,HEALTHY,rev,1,0,0
/mnt/onetb/scratch/qpsk-jupiter-modem/two_jup/r3cap/restore_205632/pair.iq,rev,2026-08-25,1600000,37.90,0.4000,2604,DEGENERATE,rev,1,0,0
/mnt/onetb/scratch/qpsk-jupiter-modem/two_jup/r3cap/restore_205909/pair.iq,rev,2026-08-18,1600000,41.50,0.4827,2604,DEGENERATE,rev,1,0,0
/mnt/onetb/scratch/qpsk-jupiter-modem/two_jup/r3cap/restore_210050/pair.iq,rev,2026-08-25,1600000,38.25,0.4036,2604,DEGENERATE,rev,1,0,0
/mnt/onetb/scratch/qpsk-jupiter-modem/two_jup/r3cap/restore_210313/pair.iq,rev,2026-08-18,1600000,41.20,0.4600,2604,DEGENERATE,rev,1,0,0
/mnt/onetb/scratch/qpsk-jupiter-modem/two_jup/r3cap/restore_210716/pair.iq,rev,2026-08-18,1600000,41.50,0.5379,2604,DEGENERATE,rev,1,0,0
/mnt/onetb/scratch/qpsk-jupiter-modem/two_jup/r3cap/restore_211037/pair.iq,rev,2026-08-25,1600000,38.19,0.4001,2604,DEGENERATE,rev,1,0,0
/mnt/onetb/scratch/qpsk-jupiter-modem/two_jup/r3cap/restore_211120/pair.iq,rev,2026-08-18,1600000,41.51,0.5183,2604,DEGENERATE,rev,1,0,0
/mnt/onetb/scratch/qpsk-jupiter-modem/two_jup/r3cap/restore_211524/pair.iq,rev,2026-08-18,1600000,41.56,0.5179,2604,DEGENERATE,rev,1,0,0
/mnt/onetb/scratch/qpsk-jupiter-modem/two_jup/r3cap/restore_211859/pair.iq,rev,2026-08-25,1600000,37.72,0.4722,2604,DEGENERATE,rev,1,0,0
/mnt/onetb/scratch/qpsk-jupiter-modem/two_jup/r3cap/restore_211956/pair.iq,rev,2026-08-18,1600000,40.96,0.6029,1024,DEGENERATE,rev,1,0,0
/mnt/onetb/scratch/qpsk-jupiter-modem/two_jup/r3cap/restore_212116/pair.iq,rev,2026-08-19,1600000,40.96,0.5911,1024,DEGENERATE,rev,1,0,0
/mnt/onetb/scratch/qpsk-jupiter-modem/two_jup/r3cap/restore_212403/pair.iq,rev,2026-08-18,1600000,41.74,0.5604,1024,DEGENERATE,rev,1,0,0
/mnt/onetb/scratch/qpsk-jupiter-modem/two_jup/r3cap/restore_212424/pair.iq,rev,2026-08-19,1600000,41.51,0.5244,2604,DEGENERATE,rev,1,0,0
/mnt/onetb/scratch/qpsk-jupiter-modem/two_jup/r3cap/restore_212527/pair.iq,rev,2026-08-14,1600000,41.50,0.4027,2604,DEGENERATE,rev,1,0,0
/mnt/onetb/scratch/qpsk-jupiter-modem/two_jup/r3cap/restore_212807/pair.iq,rev,2026-08-18,1600000,41.56,0.4650,2604,DEGENERATE,rev,1,0,0
/mnt/onetb/scratch/qpsk-jupiter-modem/two_jup/r3cap/restore_212845/pair.iq,rev,2026-08-14,1600000,41.27,0.4174,2604,DEGENERATE,rev,1,0,0
/mnt/onetb/scratch/qpsk-jupiter-modem/two_jup/r3cap/restore_213211/pair.iq,rev,2026-08-18,1600000,41.20,0.5332,2604,DEGENERATE,rev,1,0,0
/mnt/onetb/scratch/qpsk-jupiter-modem/two_jup/r3cap/restore_213614/pair.iq,rev,2026-08-18,1600000,41.51,0.5302,2604,DEGENERATE,rev,1,0,0
/mnt/onetb/scratch/qpsk-jupiter-modem/two_jup/r3cap/restore_213701/pair.iq,rev,2026-08-25,1600000,38.19,0.4003,2604,DEGENERATE,rev,1,0,0
/mnt/onetb/scratch/qpsk-jupiter-modem/two_jup/r3cap/restore_213952/pair.iq,rev,2026-08-20,1600000,40.61,0.6305,1024,DEGENERATE,rev,1,0,0
/mnt/onetb/scratch/qpsk-jupiter-modem/two_jup/r3cap/restore_214025/pair.iq,rev,2026-08-18,1600000,41.20,0.5207,2604,DEGENERATE,rev,1,0,0
/mnt/onetb/scratch/qpsk-jupiter-modem/two_jup/r3cap/restore_214257/pair.iq,rev,2026-08-20,1600000,41.51,0.4455,2604,DEGENERATE,rev,1,0,0
/mnt/onetb/scratch/qpsk-jupiter-modem/two_jup/r3cap/restore_214428/pair.iq,rev,2026-08-18,1600000,41.50,0.4593,2604,DEGENERATE,rev,1,0,0
/mnt/onetb/scratch/qpsk-jupiter-modem/two_jup/r3cap/restore_214457/pair.iq,rev,2026-08-25,1600000,21.85,0.4758,2604,HEALTHY,rev,1,0,0
/mnt/onetb/scratch/qpsk-jupiter-modem/two_jup/r3cap/restore_214736/pair.iq,rev,2026-08-20,1600000,41.51,0.3603,2604,DEGENERATE,rev,1,0,0
/mnt/onetb/scratch/qpsk-jupiter-modem/two_jup/r3cap/restore_214811/pair.iq,rev,2026-08-19,1600000,31.99,0.6426,1024,DEGENERATE,rev,1,0,0
/mnt/onetb/scratch/qpsk-jupiter-modem/two_jup/r3cap/restore_214832/pair.iq,rev,2026-08-18,1600000,41.51,0.5295,2604,DEGENERATE,rev,1,0,0
/mnt/onetb/scratch/qpsk-jupiter-modem/two_jup/r3cap/restore_215119/pair.iq,rev,2026-08-19,1600000,41.51,0.5235,2604,DEGENERATE,rev,1,0,0
/mnt/onetb/scratch/qpsk-jupiter-modem/two_jup/r3cap/restore_215231/pair.iq,rev,2026-08-25,1600000,21.49,0.4760,2604,HEALTHY,rev,1,0,0
/mnt/onetb/scratch/qpsk-jupiter-modem/two_jup/r3cap/restore_215310/pair.iq,rev,2026-08-18,1600000,41.51,0.5253,2604,DEGENERATE,rev,1,0,0
/mnt/onetb/scratch/qpsk-jupiter-modem/two_jup/r3cap/restore_215616/pair.iq,rev,2026-08-25,1600000,38.19,0.4020,2604,DEGENERATE,rev,1,0,0
/mnt/onetb/scratch/qpsk-jupiter-modem/two_jup/r3cap/restore_215720/pair.iq,rev,2026-08-18,1600000,41.51,0.5326,2604,DEGENERATE,rev,1,0,0
/mnt/onetb/scratch/qpsk-jupiter-modem/two_jup/r3cap/restore_220127/pair.iq,rev,2026-08-18,1600000,41.51,0.5386,2604,DEGENERATE,rev,1,0,0
/mnt/onetb/scratch/qpsk-jupiter-modem/two_jup/r3cap/restore_220312/pair.iq,rev,2026-08-25,1600000,38.25,0.3926,2604,DEGENERATE,rev,1,0,0
/mnt/onetb/scratch/qpsk-jupiter-modem/two_jup/r3cap/restore_220345/pair.iq,rev,2026-08-19,1600000,41.51,0.5474,1024,DEGENERATE,rev,1,0,0
/mnt/onetb/scratch/qpsk-jupiter-modem/two_jup/r3cap/restore_220530/pair.iq,rev,2026-08-18,1600000,41.56,0.5548,2604,DEGENERATE,rev,1,0,0
/mnt/onetb/scratch/qpsk-jupiter-modem/two_jup/r3cap/restore_220938/pair.iq,rev,2026-08-18,1600000,41.51,0.6112,1024,DEGENERATE,rev,1,0,0
/mnt/onetb/scratch/qpsk-jupiter-modem/two_jup/r3cap/restore_220940/pair.iq,rev,2026-08-25,1600000,38.25,0.3997,2604,DEGENERATE,rev,1,0,0
/mnt/onetb/scratch/qpsk-jupiter-modem/two_jup/r3cap/restore_221110/pair.iq,rev,2026-08-19,1600000,41.51,0.5593,1020,DEGENERATE,rev,1,0,0
/mnt/onetb/scratch/qpsk-jupiter-modem/two_jup/r3cap/restore_221418/pair.iq,rev,2026-08-19,1600000,31.99,0.6368,1020,DEGENERATE,rev,1,0,0
/mnt/onetb/scratch/qpsk-jupiter-modem/two_jup/r3cap/restore_221426/pair.iq,rev,2026-08-25,1600000,21.73,0.4786,2604,HEALTHY,rev,1,0,0
/mnt/onetb/scratch/qpsk-jupiter-modem/two_jup/r3cap/restore_221501/pair.iq,rev,2026-08-18,1600000,41.74,0.5739,2604,DEGENERATE,rev,1,0,0
/mnt/onetb/scratch/qpsk-jupiter-modem/two_jup/r3cap/restore_221807/pair.iq,rev,2026-08-20,1600000,41.50,0.5269,2604,DEGENERATE,rev,1,0,0
/mnt/onetb/scratch/qpsk-jupiter-modem/two_jup/r3cap/restore_222004/pair.iq,rev,2026-08-18,1600000,41.56,0.5311,2604,DEGENERATE,rev,1,0,0
/mnt/onetb/scratch/qpsk-jupiter-modem/two_jup/r3cap/restore_222145/pair.iq,rev,2026-08-20,1600000,41.50,0.4404,2604,DEGENERATE,rev,1,0,0
/mnt/onetb/scratch/qpsk-jupiter-modem/two_jup/r3cap/restore_222409/pair.iq,rev,2026-08-18,1600000,40.61,0.6786,1020,DEGENERATE,rev,1,0,0
/mnt/onetb/scratch/qpsk-jupiter-modem/two_jup/r3cap/restore_222423/pair.iq,rev,2026-08-19,1600000,41.51,0.5085,2604,DEGENERATE,rev,1,0,0
/mnt/onetb/scratch/qpsk-jupiter-modem/two_jup/r3cap/restore_222450/pair.iq,rev,2026-08-20,1600000,41.51,0.4218,2604,DEGENERATE,rev,1,0,0
/mnt/onetb/scratch/qpsk-jupiter-modem/two_jup/r3cap/restore_222842/pair.iq,rev,2026-08-18,1600000,40.61,0.5714,1024,DEGENERATE,rev,1,0,0
/mnt/onetb/scratch/qpsk-jupiter-modem/two_jup/r3cap/restore_223037/pair.iq,rev,2026-08-12,1600000,38.25,0.4228,2604,DEGENERATE,rev,1,0,0
/mnt/onetb/scratch/qpsk-jupiter-modem/two_jup/r3cap/restore_223318/pair.iq,rev,2026-08-18,1600000,12.41,0.4293,1024,DEGENERATE,rev,1,0,0
/mnt/onetb/scratch/qpsk-jupiter-modem/two_jup/r3cap/restore_223725/pair.iq,rev,2026-08-18,1600000,41.51,0.7241,1024,DEGENERATE,rev,1,0,0
/mnt/onetb/scratch/qpsk-jupiter-modem/two_jup/r3cap/restore_223736/pair.iq,rev,2026-08-19,1600000,40.66,0.6727,1020,DEGENERATE,rev,1,0,0
/mnt/onetb/scratch/qpsk-jupiter-modem/two_jup/r3cap/restore_224121/pair.iq,rev,2026-08-19,1600000,41.51,0.5315,1024,DEGENERATE,rev,1,0,0
/mnt/onetb/scratch/qpsk-jupiter-modem/two_jup/r3cap/restore_224131/pair.iq,rev,2026-08-18,1600000,41.63,0.7053,1020,DEGENERATE,rev,1,0,0
/mnt/onetb/scratch/qpsk-jupiter-modem/two_jup/r3cap/restore_224537/pair.iq,rev,2026-08-18,1600000,41.15,0.6909,1024,DEGENERATE,rev,1,0,0
/mnt/onetb/scratch/qpsk-jupiter-modem/two_jup/r3cap/restore_225009/pair.iq,rev,2026-08-18,1600000,40.96,0.7278,1024,DEGENERATE,rev,1,0,0
/mnt/onetb/scratch/qpsk-jupiter-modem/two_jup/r3cap/restore_225126/pair.iq,rev,2026-08-20,1600000,41.20,0.5472,1020,DEGENERATE,rev,1,0,0
/mnt/onetb/scratch/qpsk-jupiter-modem/two_jup/r3cap/restore_225415/pair.iq,rev,2026-08-18,1600000,41.69,0.5297,2604,DEGENERATE,rev,1,0,0
/mnt/onetb/scratch/qpsk-jupiter-modem/two_jup/r3cap/restore_225821/pair.iq,rev,2026-08-18,1600000,41.50,0.6802,1024,DEGENERATE,rev,1,0,0
/mnt/onetb/scratch/qpsk-jupiter-modem/two_jup/r3cap/restore_225832/pair.iq,rev,2026-08-19,1600000,41.51,0.5204,2604,DEGENERATE,rev,1,0,0
/mnt/onetb/scratch/qpsk-jupiter-modem/two_jup/r3cap/restore_230217/pair.iq,rev,2026-08-19,1600000,41.50,0.6537,1024,DEGENERATE,rev,1,0,0
/mnt/onetb/scratch/qpsk-jupiter-modem/two_jup/r3cap/restore_230229/pair.iq,rev,2026-08-18,1600000,40.66,0.7276,1024,DEGENERATE,rev,1,0,0
/mnt/onetb/scratch/qpsk-jupiter-modem/two_jup/r3cap/restore_230522/pair.iq,rev,2026-08-19,1600000,41.51,0.4402,2604,DEGENERATE,rev,1,0,0
/mnt/onetb/scratch/qpsk-jupiter-modem/two_jup/r3cap/restore_230635/pair.iq,rev,2026-08-18,1600000,32.12,0.6602,1024,DEGENERATE,rev,1,0,0
/mnt/onetb/scratch/qpsk-jupiter-modem/two_jup/r3cap/restore_231042/pair.iq,rev,2026-08-18,1600000,41.50,0.6874,1024,DEGENERATE,rev,1,0,0
/mnt/onetb/scratch/qpsk-jupiter-modem/two_jup/r3cap/restore_231517/pair.iq,rev,2026-08-18,1600000,41.69,0.4528,2604,DEGENERATE,rev,1,0,0
/mnt/onetb/scratch/qpsk-jupiter-modem/two_jup/r3cap/restore_231801/pair.iq,rev,2026-08-17,1600000,41.51,0.6204,1024,DEGENERATE,rev,1,0,0
/mnt/onetb/scratch/qpsk-jupiter-modem/two_jup/r3cap/restore_231924/pair.iq,rev,2026-08-18,1600000,41.51,0.7596,1024,DEGENERATE,rev,1,0,0
/mnt/onetb/scratch/qpsk-jupiter-modem/two_jup/r3cap/restore_232420/pair.iq,rev,2026-08-17,1600000,41.51,0.5198,1024,DEGENERATE,rev,1,0,0
/mnt/onetb/scratch/qpsk-jupiter-modem/two_jup/r3cap/restore_232435/pair.iq,rev,2026-08-18,1600000,41.50,0.6327,1020,DEGENERATE,rev,1,0,0
/mnt/onetb/scratch/qpsk-jupiter-modem/two_jup/r3cap/restore_232446/pair.iq,rev,2026-08-14,1600000,41.50,0.4024,2604,DEGENERATE,rev,1,0,0
/mnt/onetb/scratch/qpsk-jupiter-modem/two_jup/r3cap/restore_232842/pair.iq,rev,2026-08-18,1600000,30.73,0.5958,1024,DEGENERATE,rev,1,0,0
/mnt/onetb/scratch/qpsk-jupiter-modem/two_jup/r3cap/restore_233154/pair.iq,rev,2026-08-17,1600000,40.96,0.6603,1020,DEGENERATE,rev,1,0,0
/mnt/onetb/scratch/qpsk-jupiter-modem/two_jup/r3cap/restore_233247/pair.iq,rev,2026-08-18,1600000,41.63,0.5859,1024,DEGENERATE,rev,1,0,0
/mnt/onetb/scratch/qpsk-jupiter-modem/two_jup/r3cap/restore_233713/pair.iq,rev,2026-08-17,1600000,41.56,0.6747,1024,DEGENERATE,rev,1,0,0
/mnt/onetb/scratch/qpsk-jupiter-modem/two_jup/r3cap/revbase_20260825_214046_r1/pair.iq,rev,2026-08-25,16000000,38.19,0.4060,2604,DEGENERATE,rev,1,0,0
/mnt/onetb/scratch/qpsk-jupiter-modem/two_jup/r3cap/revbase_20260825_214046_r2/pair.iq,rev,2026-08-25,16000000,35.98,0.4136,2604,DEGENERATE,rev,1,0,0
/mnt/onetb/scratch/qpsk-jupiter-modem/two_jup/r3cap/revbase_20260825_214046_r3/pair.iq,rev,2026-08-25,16000000,38.25,0.4058,2604,DEGENERATE,rev,1,0,0
/mnt/onetb/scratch/qpsk-jupiter-modem/two_jup/r3cap/revlong/pair.iq,rev,2026-07-29,160000000,34.56,0.4431,2604,DEGENERATE,rev,1,0,0
/mnt/onetb/scratch/qpsk-jupiter-modem/two_jup/r3cap/romair_20260823_115206/pair.iq,?,2026-08-23,16000000,2.88,0.9995,256,DEGENERATE,?,0,0,0
/mnt/onetb/scratch/qpsk-jupiter-modem/two_jup/r3cap/romair_20260824_221024/pair.iq,?,2026-08-24,16000000,21.56,0.3051,900,HEALTHY,?,0,0,0
/mnt/onetb/scratch/qpsk-jupiter-modem/two_jup/r3cap/romair_20260825_220911/pair.iq,?,2026-08-25,16000000,2.88,0.9995,256,DEGENERATE,?,0,0,0
/mnt/onetb/scratch/qpsk-jupiter-modem/two_jup/r3cap/romair_20260826_083927/pair.iq,?,2026-08-26,16000000,2.88,0.9940,256,DEGENERATE,?,0,0,0
/mnt/onetb/scratch/qpsk-jupiter-modem/two_jup/r3cap/rxq_M32/pair.iq,rev,2026-07-31,160000000,37.95,0.4580,2604,DEGENERATE,rev,1,0,0
/mnt/onetb/scratch/qpsk-jupiter-modem/two_jup/r3cap/settle00/pair.iq,rev,2026-08-09,32000000,22.03,0.5266,2604,HEALTHY,rev,1,0,0
/mnt/onetb/scratch/qpsk-jupiter-modem/two_jup/r3cap/settle20/pair.iq,rev,2026-08-09,32000000,22.34,0.5550,2604,HEALTHY,rev,1,0,0
/mnt/onetb/scratch/qpsk-jupiter-modem/two_jup/r3cap/singles_disc/pair.iq,fwd,2026-08-12,32000000,22.16,0.5145,2604,HEALTHY,fwd,1,0,1
/mnt/onetb/scratch/qpsk-jupiter-modem/two_jup/r3cap/singles_reread/pair.iq,fwd,2026-08-12,32000000,22.16,0.5153,2604,HEALTHY,fwd,1,0,0
/mnt/onetb/scratch/qpsk-jupiter-modem/two_jup/r3cap/soak_20260826_002716_a1/pair.iq,fwd,2026-08-26,16000000,2.88,0.9995,256,DEGENERATE,fwd,1,0,0
/mnt/onetb/scratch/qpsk-jupiter-modem/two_jup/r3cap/soak_20260826_002716_a2/pair.iq,fwd,2026-08-26,16000000,2.88,0.9995,256,DEGENERATE,fwd,1,0,0
/mnt/onetb/scratch/qpsk-jupiter-modem/two_jup/r3cap/soak_20260826_002716_a3/pair.iq,fwd,2026-08-26,16000000,2.88,0.9995,256,DEGENERATE,fwd,1,0,0
/mnt/onetb/scratch/qpsk-jupiter-modem/two_jup/r3cap/stall_gapctl1500/pair.iq,rev,2026-08-10,1600000,39.98,0.5120,2604,DEGENERATE,rev,1,0,0
/mnt/onetb/scratch/qpsk-jupiter-modem/two_jup/r3cap/stall_normal/pair.iq,rev,2026-08-10,1600000,39.94,0.5120,2604,DEGENERATE,rev,1,0,0
/mnt/onetb/scratch/qpsk-jupiter-modem/two_jup/r3cap/tmrfresh_20260825_111847/pair.iq,fwd,2026-08-25,16000000,22.04,0.5158,2604,HEALTHY,fwd,1,0,0
/mnt/onetb/scratch/qpsk-jupiter-modem/two_jup/r3cap/tunbase_20260824_225249/pair.iq,fwd,2026-08-24,16000000,22.04,0.5152,2604,HEALTHY,fwd,1,0,0
/mnt/onetb/scratch/qpsk-jupiter-modem/two_jup/r3cap/tunbase2_20260824_225947/pair.iq,fwd,2026-08-24,16000000,21.97,0.5112,2604,HEALTHY,fwd,1,0,0
/mnt/onetb/scratch/qpsk-jupiter-modem/two_jup/r3cap/vendh_sat_20260826_130016/pair.iq,fwd,2026-08-26,16000000,2.88,0.9995,256,DEGENERATE,fwd,1,0,0
/mnt/onetb/scratch/qpsk-jupiter-modem/two_jup/r3cap/areas_20260810_132021/a2m32_c1/pair.iq,rev,2026-08-10,1600000,37.85,0.5365,2604,DEGENERATE,rev,1,0,0
/mnt/onetb/scratch/qpsk-jupiter-modem/two_jup/r3cap/areas_20260810_132021/a2m32_c2/pair.iq,rev,2026-08-10,1600000,22.16,0.5406,2604,HEALTHY,rev,1,0,0
/mnt/onetb/scratch/qpsk-jupiter-modem/two_jup/r3cap/areas_20260810_132021/a2m32_c3/pair.iq,rev,2026-08-10,1600000,37.95,0.5222,2604,DEGENERATE,rev,1,0,0
/mnt/onetb/scratch/qpsk-jupiter-modem/two_jup/r3cap/areas_20260810_132021/a4m16_c1/pair.iq,rev,2026-08-10,1600000,37.86,0.5321,2604,DEGENERATE,rev,1,0,0
/mnt/onetb/scratch/qpsk-jupiter-modem/two_jup/r3cap/areas_20260810_132021/a4m16_c2/pair.iq,rev,2026-08-10,1600000,0.00,0.4937,2604,DEGENERATE,rev,1,0,0
/mnt/onetb/scratch/qpsk-jupiter-modem/two_jup/r3cap/areas_20260810_132021/a4m16_c3/pair.iq,rev,2026-08-10,1600000,22.16,0.5413,2604,HEALTHY,rev,1,0,0
/mnt/onetb/scratch/qpsk-jupiter-modem/two_jup/r3cap/arqeng_20260807_045038/r1/pair.iq,rev,2026-08-07,32000000,38.14,0.5047,2604,DEGENERATE,rev,1,0,0
/mnt/onetb/scratch/qpsk-jupiter-modem/two_jup/r3cap/arqeng_20260807_045038/r2/pair.iq,rev,2026-08-07,32000000,36.65,0.5041,2604,DEGENERATE,rev,1,0,0
/mnt/onetb/scratch/qpsk-jupiter-modem/two_jup/r3cap/arqeng_20260807_045038/r3/pair.iq,rev,2026-08-07,32000000,37.86,0.5303,2604,DEGENERATE,rev,1,0,0
/mnt/onetb/scratch/qpsk-jupiter-modem/two_jup/r3cap/arqeng_20260807_045038/r4/pair.iq,rev,2026-08-07,32000000,38.19,0.4875,2604,DEGENERATE,rev,1,0,0
/mnt/onetb/scratch/qpsk-jupiter-modem/two_jup/r3cap/arqeng_20260807_061110/r1/pair.iq,rev,2026-08-07,32000000,38.32,0.5092,2604,DEGENERATE,rev,1,0,0
/mnt/onetb/scratch/qpsk-jupiter-modem/two_jup/r3cap/arqeng_20260807_061110/r2/pair.iq,rev,2026-08-07,32000000,38.26,0.5331,2604,DEGENERATE,rev,1,0,0
/mnt/onetb/scratch/qpsk-jupiter-modem/two_jup/r3cap/arqeng_20260807_061110/r3/pair.iq,rev,2026-08-07,32000000,37.78,0.5157,2604,DEGENERATE,rev,1,0,0
/mnt/onetb/scratch/qpsk-jupiter-modem/two_jup/r3cap/goodput_20260809_233526/gate_l16/pair.iq,rev,2026-08-09,1600000,22.03,0.5013,2604,HEALTHY,rev,1,0,0
/mnt/onetb/scratch/qpsk-jupiter-modem/two_jup/r3cap/goodput_20260809_233526/gate_l32/pair.iq,rev,2026-08-09,1600000,15.05,0.5079,2604,HEALTHY,rev,1,0,0
/mnt/onetb/scratch/qpsk-jupiter-modem/two_jup/r3cap/goodput_20260809_233526/gate_q16/pair.iq,rev,2026-08-09,1600000,22.03,0.5171,2604,HEALTHY,rev,1,0,0
/mnt/onetb/scratch/qpsk-jupiter-modem/two_jup/r3cap/goodput_20260809_233526/gate_q32/pair.iq,rev,2026-08-09,1600000,22.03,0.5190,2604,HEALTHY,rev,1,0,0
/mnt/onetb/scratch/qpsk-jupiter-modem/two_jup/r3cap/goodput_20260809_233526/gate_q8/pair.iq,rev,2026-08-09,1600000,22.03,0.5140,2604,HEALTHY,rev,1,0,0
/mnt/onetb/scratch/qpsk-jupiter-modem/two_jup/r3cap/goodput_20260810_133908/gate_a2m32/pair.iq,rev,2026-08-10,1600000,22.16,0.5498,2604,HEALTHY,rev,1,0,0
/mnt/onetb/scratch/qpsk-jupiter-modem/two_jup/r3cap/goodput_20260810_133908/gate_a4m16/pair.iq,rev,2026-08-10,1600000,38.07,0.5234,2604,DEGENERATE,rev,1,0,0
/mnt/onetb/scratch/qpsk-jupiter-modem/two_jup/r3cap/sweep_20260809_212744/q32_c1/pair.iq,rev,2026-08-09,16000000,19.63,0.5220,2604,HEALTHY,rev,1,0,0
/mnt/onetb/scratch/qpsk-jupiter-modem/two_jup/r3cap/sweep_20260809_213239/q16_c1/pair.iq,rev,2026-08-09,16000000,39.92,0.5271,2604,DEGENERATE,rev,1,0,0
/mnt/onetb/scratch/qpsk-jupiter-modem/two_jup/r3cap/sweep_20260809_213239/q32_c1/pair.iq,rev,2026-08-09,16000000,22.03,0.5197,2604,HEALTHY,rev,1,0,0
/mnt/onetb/scratch/qpsk-jupiter-modem/two_jup/r3cap/sweep_20260809_213239/q8_c1/pair.iq,rev,2026-08-09,16000000,22.03,0.5088,2604,HEALTHY,rev,1,0,0
/mnt/onetb/scratch/qpsk-jupiter-modem/two_jup/r3cap/sweep_20260809_214536/l16_c1/pair.iq,rev,2026-08-09,16000000,39.92,0.5077,2604,DEGENERATE,rev,1,0,0
/mnt/onetb/scratch/qpsk-jupiter-modem/two_jup/r3cap/sweep_20260809_214536/l16_c2/pair.iq,rev,2026-08-09,16000000,39.98,0.5083,2604,DEGENERATE,rev,1,0,0
/mnt/onetb/scratch/qpsk-jupiter-modem/two_jup/r3cap/sweep_20260809_214536/l16_c3/pair.iq,rev,2026-08-09,16000000,39.98,0.5010,2604,DEGENERATE,rev,1,0,0
/mnt/onetb/scratch/qpsk-jupiter-modem/two_jup/r3cap/sweep_20260809_214536/l16_c4/pair.iq,rev,2026-08-09,16000000,22.03,0.5111,2604,HEALTHY,rev,1,0,0
/mnt/onetb/scratch/qpsk-jupiter-modem/two_jup/r3cap/sweep_20260809_214536/l16_c5/pair.iq,rev,2026-08-09,16000000,22.03,0.5127,2604,HEALTHY,rev,1,0,0
/mnt/onetb/scratch/qpsk-jupiter-modem/two_jup/r3cap/sweep_20260809_214536/l16_c6/pair.iq,rev,2026-08-09,16000000,22.03,0.5228,2604,HEALTHY,rev,1,0,0
/mnt/onetb/scratch/qpsk-jupiter-modem/two_jup/r3cap/sweep_20260809_214536/l32_c1/pair.iq,rev,2026-08-09,16000000,22.03,0.5176,2604,HEALTHY,rev,1,0,0
/mnt/onetb/scratch/qpsk-jupiter-modem/two_jup/r3cap/sweep_20260809_214536/l32_c2/pair.iq,rev,2026-08-09,16000000,39.92,0.5010,2604,DEGENERATE,rev,1,0,0
/mnt/onetb/scratch/qpsk-jupiter-modem/two_jup/r3cap/sweep_20260809_214536/l32_c3/pair.iq,rev,2026-08-09,16000000,39.98,0.5051,2604,DEGENERATE,rev,1,0,0
/mnt/onetb/scratch/qpsk-jupiter-modem/two_jup/r3cap/sweep_20260809_214536/l32_c4/pair.iq,rev,2026-08-09,16000000,39.53,0.5126,2604,DEGENERATE,rev,1,0,0
/mnt/onetb/scratch/qpsk-jupiter-modem/two_jup/r3cap/sweep_20260809_214536/l32_c5/pair.iq,rev,2026-08-09,16000000,22.03,0.5132,2604,HEALTHY,rev,1,0,0
/mnt/onetb/scratch/qpsk-jupiter-modem/two_jup/r3cap/sweep_20260809_214536/l32_c6/pair.iq,rev,2026-08-09,16000000,39.59,0.5138,2604,DEGENERATE,rev,1,0,0
/mnt/onetb/scratch/qpsk-jupiter-modem/two_jup/r3cap/sweep_20260809_214536/q16_c1/pair.iq,rev,2026-08-09,16000000,22.03,0.5093,2604,HEALTHY,rev,1,0,0
/mnt/onetb/scratch/qpsk-jupiter-modem/two_jup/r3cap/sweep_20260809_214536/q16_c2/pair.iq,rev,2026-08-09,16000000,39.98,0.5052,2604,DEGENERATE,rev,1,0,0
/mnt/onetb/scratch/qpsk-jupiter-modem/two_jup/r3cap/sweep_20260809_214536/q16_c3/pair.iq,rev,2026-08-09,16000000,39.44,0.5095,2604,DEGENERATE,rev,1,0,0
/mnt/onetb/scratch/qpsk-jupiter-modem/two_jup/r3cap/sweep_20260809_214536/q16_c4/pair.iq,rev,2026-08-09,16000000,22.16,0.5401,2604,HEALTHY,rev,1,0,0
/mnt/onetb/scratch/qpsk-jupiter-modem/two_jup/r3cap/sweep_20260809_214536/q16_c5/pair.iq,rev,2026-08-09,16000000,39.46,0.5151,2604,DEGENERATE,rev,1,0,0
/mnt/onetb/scratch/qpsk-jupiter-modem/two_jup/r3cap/sweep_20260809_214536/q16_c6/pair.iq,rev,2026-08-09,16000000,39.92,0.5416,2604,DEGENERATE,rev,1,0,0
/mnt/onetb/scratch/qpsk-jupiter-modem/two_jup/r3cap/sweep_20260809_214536/q32_c1/pair.iq,rev,2026-08-09,16000000,39.59,0.5101,2604,DEGENERATE,rev,1,0,0
/mnt/onetb/scratch/qpsk-jupiter-modem/two_jup/r3cap/sweep_20260809_214536/q32_c2/pair.iq,rev,2026-08-09,16000000,17.77,0.4982,2604,HEALTHY,rev,1,0,0
/mnt/onetb/scratch/qpsk-jupiter-modem/two_jup/r3cap/sweep_20260809_214536/q32_c3/pair.iq,rev,2026-08-09,16000000,17.88,0.5021,2604,HEALTHY,rev,1,0,0
/mnt/onetb/scratch/qpsk-jupiter-modem/two_jup/r3cap/sweep_20260809_214536/q32_c4/pair.iq,rev,2026-08-09,16000000,22.03,0.5207,2604,HEALTHY,rev,1,0,0
/mnt/onetb/scratch/qpsk-jupiter-modem/two_jup/r3cap/sweep_20260809_214536/q32_c5/pair.iq,rev,2026-08-09,16000000,19.44,0.5171,2604,HEALTHY,rev,1,0,0
/mnt/onetb/scratch/qpsk-jupiter-modem/two_jup/r3cap/sweep_20260809_214536/q32_c6/pair.iq,rev,2026-08-09,16000000,18.97,0.5253,2604,HEALTHY,rev,1,0,0
/mnt/onetb/scratch/qpsk-jupiter-modem/two_jup/r3cap/sweep_20260809_214536/q64_c1/pair.iq,rev,2026-08-09,16000000,16.80,0.5019,2604,HEALTHY,rev,1,0,0
/mnt/onetb/scratch/qpsk-jupiter-modem/two_jup/r3cap/sweep_20260809_214536/q8_c1/pair.iq,rev,2026-08-09,16000000,22.03,0.5135,2604,HEALTHY,rev,1,0,0
/mnt/onetb/scratch/qpsk-jupiter-modem/two_jup/r3cap/sweep_20260809_214536/q8_c2/pair.iq,rev,2026-08-09,16000000,39.98,0.5088,2604,DEGENERATE,rev,1,0,0
/mnt/onetb/scratch/qpsk-jupiter-modem/two_jup/r3cap/sweep_20260809_214536/q8_c3/pair.iq,rev,2026-08-09,16000000,22.28,0.5474,2604,HEALTHY,rev,1,0,0
/mnt/onetb/scratch/qpsk-jupiter-modem/two_jup/r3cap/sweep_20260809_214536/q8_c4/pair.iq,rev,2026-08-09,16000000,22.03,0.5157,2604,HEALTHY,rev,1,0,0
/mnt/onetb/scratch/qpsk-jupiter-modem/two_jup/r3cap/sweep_20260809_214536/q8_c5/pair.iq,rev,2026-08-09,16000000,39.42,0.5256,2604,DEGENERATE,rev,1,0,0
/mnt/onetb/scratch/qpsk-jupiter-modem/two_jup/r3cap/sweep_20260809_214536/q8_c6/pair.iq,rev,2026-08-09,16000000,39.59,0.5074,2604,DEGENERATE,rev,1,0,0
/mnt/onetb/scratch/qpsk-jupiter-modem/two_jup/r3cap/sweep_20260812_135103/bud0_c1/pair.iq,rev,2026-08-12,16000000,34.87,0.4222,2604,DEGENERATE,rev,1,0,0
/mnt/onetb/scratch/qpsk-jupiter-modem/two_jup/r3cap/sweep_20260812_135103/bud0_c2/pair.iq,rev,2026-08-12,16000000,34.87,0.4460,2604,DEGENERATE,rev,1,0,0
/mnt/onetb/scratch/qpsk-jupiter-modem/two_jup/r3cap/sweep_20260812_135103/bud0_c3/pair.iq,rev,2026-08-12,16000000,34.87,0.4469,2604,DEGENERATE,rev,1,0,0
/mnt/onetb/scratch/qpsk-jupiter-modem/two_jup/r3cap/sweep_20260812_135103/bud4_c1/pair.iq,rev,2026-08-12,16000000,34.73,0.4157,2604,DEGENERATE,rev,1,0,0
/mnt/onetb/scratch/qpsk-jupiter-modem/two_jup/r3cap/sweep_20260812_135103/bud4_c2/pair.iq,rev,2026-08-12,16000000,34.82,0.4111,2604,DEGENERATE,rev,1,0,0
/mnt/onetb/scratch/qpsk-jupiter-modem/two_jup/r3cap/sweep_20260812_135103/bud4_c3/pair.iq,rev,2026-08-12,16000000,34.92,0.4462,2604,DEGENERATE,rev,1,0,0
/mnt/onetb/scratch/qpsk-jupiter-modem/two_jup/r3cap/sweep_20260812_151226/bud0_c1/pair.iq,rev,2026-08-12,16000000,34.80,0.4189,2604,DEGENERATE,rev,1,0,0
/mnt/onetb/scratch/qpsk-jupiter-modem/two_jup/r3cap/sweep_20260812_151226/bud0_c2/pair.iq,rev,2026-08-12,16000000,34.52,0.4164,2604,DEGENERATE,rev,1,0,0
/mnt/onetb/scratch/qpsk-jupiter-modem/two_jup/r3cap/sweep_20260812_151226/bud0_c3/pair.iq,rev,2026-08-12,16000000,34.79,0.4350,2604,DEGENERATE,rev,1,0,0
/mnt/onetb/scratch/qpsk-jupiter-modem/two_jup/r3cap/sweep_20260812_151226/bud4_c1/pair.iq,rev,2026-08-12,16000000,34.80,0.4581,2604,DEGENERATE,rev,1,0,0
/mnt/onetb/scratch/qpsk-jupiter-modem/two_jup/r3cap/sweep_20260812_151226/bud4_c2/pair.iq,rev,2026-08-12,16000000,34.79,0.4250,2604,DEGENERATE,rev,1,0,0
/mnt/onetb/scratch/qpsk-jupiter-modem/two_jup/r3cap/sweep_20260812_151226/bud4_c3/pair.iq,rev,2026-08-12,16000000,34.80,0.4336,2604,DEGENERATE,rev,1,0,0
/mnt/onetb/scratch/qpsk-jupiter-modem/two_jup/r3cap/zerohdr_20260809_235123/base_c1/pair.iq,rev,2026-08-09,16000000,20.11,0.5430,2604,HEALTHY,rev,1,0,0
/mnt/onetb/scratch/qpsk-jupiter-modem/two_jup/r3cap/zerohdr_20260809_235123/base_c2/pair.iq,rev,2026-08-10,16000000,17.65,0.5032,2604,HEALTHY,rev,1,0,0
/mnt/onetb/scratch/qpsk-jupiter-modem/two_jup/r3cap/zerohdr_20260809_235123/base_c3/pair.iq,rev,2026-08-10,16000000,19.16,0.5174,2604,HEALTHY,rev,1,0,0
/mnt/onetb/scratch/qpsk-jupiter-modem/two_jup/r3cap/zerohdr_20260809_235123/gapctl_c9/pair.iq,rev,2026-08-10,16000000,22.03,0.5107,2604,HEALTHY,rev,1,0,0
/mnt/onetb/scratch/qpsk-jupiter-modem/two_jup/r3cap/zerohdr_20260809_235123/hdr_c1/pair.iq,rev,2026-08-09,16000000,22.03,0.5075,2604,HEALTHY,rev,1,0,0
/mnt/onetb/scratch/qpsk-jupiter-modem/two_jup/r3cap/zerohdr_20260809_235123/hdr_c2/pair.iq,rev,2026-08-10,16000000,22.03,0.5171,2604,HEALTHY,rev,1,0,0
/mnt/onetb/scratch/qpsk-jupiter-modem/two_jup/r3cap/zerohdr_20260809_235123/hdr_c3/pair.iq,rev,2026-08-10,16000000,21.08,0.5141,2604,HEALTHY,rev,1,0,0
/mnt/onetb/scratch/qpsk-jupiter-modem/two_jup/prewedge/20260810_210816/pw_1.iq,?,2026-08-10,320000000,57.32,0.3327,1752,DEGENERATE,?,0,0,0
/mnt/onetb/scratch/qpsk-jupiter-modem/two_jup/prewedge/20260810_211022/pw_1.iq,?,2026-08-10,320000000,37.71,0.3391,1752,DEGENERATE,?,0,0,0
/mnt/onetb/scratch/qpsk-jupiter-modem/two_jup/prewedge/20260810_211022/pw_2.iq,?,2026-08-10,320000000,38.01,0.3410,1752,DEGENERATE,?,0,0,0
/mnt/onetb/scratch/qpsk-jupiter-modem/two_jup/prewedge/20260810_211022/pw_3.iq,?,2026-08-10,320000000,37.80,0.3349,1752,DEGENERATE,?,0,0,0
/mnt/onetb/scratch/qpsk-jupiter-modem/two_jup/prewedge/trig_20260810_211556/pwt.iq,?,2026-08-10,320000000,38.01,0.3406,1752,DEGENERATE,?,0,0,0
/mnt/onetb/scratch/qpsk-jupiter-modem/two_jup/evmcap/20260723_185312_rev_lna0/raw.iq,rev,2026-07-23,8000000,0.00,0.1525,216,DEGENERATE,rev,0,0,0
/mnt/onetb/scratch/qpsk-jupiter-modem/two_jup/evmcap/20260723_185312_rev_lna1/raw.iq,rev,2026-07-23,8000000,9.75,0.2571,544,DEGENERATE,rev,0,0,0
/mnt/onetb/scratch/qpsk-jupiter-modem/two_jup/evmcap/20260725_031549_B/raw.iq,rev,2026-07-25,8000000,0.28,0.2791,1120,DEGENERATE,rev,0,0,0
/mnt/onetb/scratch/qpsk-jupiter-modem/two_jup/evmcap/20260725_033021_A/raw.iq,fwd,2026-07-25,8000000,0.29,0.2823,1120,DEGENERATE,fwd,0,0,0
/mnt/onetb/scratch/qpsk-jupiter-modem/two_jup/evmcap/fwd1/raw.iq,fwd,2026-07-22,16000000,9.80,0.2475,2176,DEGENERATE,fwd,0,0,0
/mnt/onetb/scratch/qpsk-jupiter-modem/two_jup/evmcap/rev1/raw.iq,rev,2026-07-23,8000000,9.66,0.2558,544,DEGENERATE,rev,0,0,0
/mnt/onetb/scratch/qpsk-jupiter-modem/two_jup/evmcap/rev_gate2/raw.iq,rev,2026-07-23,8000000,9.82,0.2581,2176,DEGENERATE,rev,0,0,0
/mnt/onetb/scratch/qpsk-jupiter-modem/two_jup/evmcap/rev_gate3/raw.iq,rev,2026-07-23,8000000,9.78,0.2562,544,DEGENERATE,rev,0,0,0
/mnt/onetb/scratch/qpsk-jupiter-modem/two_jup/floatgap_n3/chunkhead.iq,?,2026-08-12,2400000,38.14,0.5160,2604,DEGENERATE,?,0,0,0
/mnt/onetb/scratch/qpsk-jupiter-modem/two_jup/floatgap_n3/smoke.iq,?,2026-08-12,1183968,22.16,0.5217,2604,HEALTHY,?,0,0,0
/mnt/onetb/scratch/qpsk-jupiter-modem/two_jup/floatgap_n3/win_cp1_verdict2_o0.iq,?,2026-08-12,9866400,22.22,0.5183,2604,HEALTHY,?,0,0,0
/mnt/onetb/scratch/qpsk-jupiter-modem/two_jup/floatgap_n3/win_cp1_verdict2_o80.iq,?,2026-08-12,9866400,22.27,0.5304,2604,HEALTHY,?,0,0,0
/mnt/onetb/scratch/qpsk-jupiter-modem/two_jup/floatgap_n3/win_d1_berleg_o0.iq,?,2026-08-25,9866400,22.27,0.5218,2604,HEALTHY,?,0,0,0
/mnt/onetb/scratch/qpsk-jupiter-modem/two_jup/floatgap_n3/win_d1_berleg_o80.iq,?,2026-08-25,9866400,22.27,0.5220,2604,HEALTHY,?,0,0,0
/mnt/onetb/scratch/qpsk-jupiter-modem/two_jup/floatgap_n3/win_evm_swap_A_o0.iq,?,2026-08-12,9866400,22.16,0.5252,2604,HEALTHY,?,0,0,0
/mnt/onetb/scratch/qpsk-jupiter-modem/two_jup/floatgap_n3/win_evm_swap_A_o80.iq,?,2026-08-12,9866400,22.39,0.5236,2604,HEALTHY,?,0,0,0
/mnt/onetb/scratch/qpsk-jupiter-modem/two_jup/floatgap_n3/win_evm_swap_B_o0.iq,?,2026-08-12,9866400,34.87,0.4472,2604,DEGENERATE,?,0,0,0
/mnt/onetb/scratch/qpsk-jupiter-modem/two_jup/floatgap_n3/win_evm_swap_B_o80.iq,?,2026-08-12,9866400,34.87,0.4446,2604,DEGENERATE,?,0,0,0
SWEEP_DONE 472 rows
