k,seq_expected,crc_ok,seq_decoded,words,chunk,hw_lost
1,32026,0,-1,191,chunk_0_69_r0,0
2,32027,1,32027,191,chunk_0_69_r0,0
3,32028,1,32028,191,chunk_0_69_r0,0
4,32029,1,32029,191,chunk_0_69_r0,0
5,32030,1,32030,191,chunk_0_69_r0,0
6,32031,1,32031,191,chunk_0_69_r0,0
7,32032,1,32032,191,chunk_0_69_r0,0
8,32033,1,32033,191,chunk_0_69_r0,1
9,32034,1,32034,191,chunk_0_69_r0,1
10,32035,1,32035,191,chunk_0_69_r0,0
11,32036,1,32036,191,chunk_0_69_r0,0
12,32037,1,32037,191,chunk_0_69_r0,0
13,32038,1,32038,191,chunk_0_69_r0,0
14,32039,1,32039,191,chunk_0_69_r0,0
15,32040,1,32040,191,chunk_0_69_r0,0
16,32041,1,32041,191,chunk_0_69_r0,1
17,32042,1,32042,191,chunk_0_69_r0,0
18,32043,1,32043,191,chunk_0_69_r0,0
19,32044,1,32044,191,chunk_0_69_r0,0
20,32045,1,32045,191,chunk_0_69_r0,0
21,32046,1,32046,191,chunk_0_69_r0,0
22,32047,1,32047,191,chunk_0_69_r0,0
23,32048,1,32048,191,chunk_0_69_r0,0
24,32049,1,32049,191,chunk_0_69_r0,0
25,32050,1,32050,191,chunk_0_69_r0,0
26,32051,1,32051,191,chunk_0_69_r0,0
27,32052,1,32052,191,chunk_0_69_r0,0
28,32053,1,32053,191,chunk_0_69_r0,0
29,32054,1,32054,191,chunk_0_69_r0,0
30,32055,1,32055,191,chunk_0_69_r0,0
31,32056,1,32056,191,chunk_0_69_r0,0
32,32057,1,32057,191,chunk_0_69_r0,0
33,32058,1,32058,191,chunk_0_69_r0,0
34,32059,1,32059,191,chunk_0_69_r0,0
35,32060,1,32060,191,chunk_0_69_r0,0
36,32061,1,32061,191,chunk_0_69_r0,0
37,32062,1,32062,191,chunk_0_69_r0,0
38,32063,1,32063,191,chunk_0_69_r0,0
39,32064,1,32064,191,chunk_0_69_r0,0
40,32065,1,32065,191,chunk_0_69_r0,0
41,32066,1,32066,191,chunk_0_69_r0,1
42,32067,1,32067,191,chunk_0_69_r0,1
43,32068,1,32068,191,chunk_0_69_r0,0
44,32069,1,32069,191,chunk_0_69_r0,0
45,32070,1,32070,191,chunk_0_69_r0,0
46,32071,1,32071,191,chunk_0_69_r0,0
47,32072,1,32072,191,chunk_0_69_r0,0
48,32073,1,32073,191,chunk_0_69_r0,0
49,32074,1,32074,191,chunk_0_69_r0,1
50,32075,1,32075,191,chunk_0_69_r0,0
51,32076,1,32076,191,chunk_0_69_r0,0
52,32077,1,32077,191,chunk_0_69_r0,0
53,32078,1,32078,191,chunk_0_69_r0,0
54,32079,1,32079,191,chunk_0_69_r0,0
55,32080,1,32080,191,chunk_0_69_r0,0
56,32081,1,32081,191,chunk_0_69_r0,0
57,32082,1,32082,191,chunk_0_69_r0,0
58,32083,1,32083,191,chunk_0_69_r0,0
59,32084,1,32084,191,chunk_0_69_r0,0
60,32085,1,32085,191,chunk_0_69_r0,0
61,32086,1,32086,191,chunk_0_69_r0,0
62,32087,1,32087,191,chunk_0_69_r0,0
63,32088,1,32088,191,chunk_0_69_r0,0
64,32089,1,32089,191,chunk_0_69_r0,0
65,32090,1,32090,191,chunk_0_69_r0,0
66,32091,1,32091,191,chunk_0_69_r0,0
67,32092,1,32092,191,chunk_0_69_r0,0
68,32093,1,32093,191,chunk_70_139_r0,0
69,32094,1,32094,191,chunk_70_139_r0,0
70,32095,1,32095,191,chunk_70_139_r0,0
71,32096,1,32096,191,chunk_70_139_r0,0
72,32097,1,32097,191,chunk_70_139_r0,0
73,32098,1,32098,191,chunk_70_139_r0,1
74,32099,1,32099,191,chunk_70_139_r0,1
75,32100,1,32100,191,chunk_70_139_r0,0
76,32101,1,32101,191,chunk_70_139_r0,0
77,32102,1,32102,191,chunk_70_139_r0,0
78,32103,1,32103,191,chunk_70_139_r0,0
79,32104,1,32104,191,chunk_70_139_r0,0
80,32105,1,32105,191,chunk_70_139_r0,0
81,32106,1,32106,191,chunk_70_139_r0,1
82,32107,1,32107,191,chunk_70_139_r0,0
83,32108,1,32108,191,chunk_70_139_r0,0
84,32109,1,32109,191,chunk_70_139_r0,0
85,32110,1,32110,191,chunk_70_139_r0,0
86,32111,1,32111,191,chunk_70_139_r0,0
87,32112,1,32112,191,chunk_70_139_r0,0
88,32113,1,32113,191,chunk_70_139_r0,0
89,32114,1,32114,191,chunk_70_139_r0,0
90,32115,1,32115,191,chunk_70_139_r0,0
91,32116,1,32116,191,chunk_70_139_r0,0
92,32117,1,32117,191,chunk_70_139_r0,0
93,32118,1,32118,191,chunk_70_139_r0,0
94,32119,1,32119,191,chunk_70_139_r0,0
95,32120,1,32120,191,chunk_70_139_r0,0
96,32121,1,32121,191,chunk_70_139_r0,0
97,32122,1,32122,191,chunk_70_139_r0,0
98,32123,1,32123,191,chunk_70_139_r0,0
99,32124,1,32124,191,chunk_70_139_r0,0
100,32125,1,32125,191,chunk_70_139_r0,0
101,32126,1,32126,191,chunk_70_139_r0,0
102,32127,1,32127,191,chunk_70_139_r0,0
103,32128,1,32128,191,chunk_70_139_r0,0
104,32129,1,32129,191,chunk_70_139_r0,0
105,32130,1,32130,191,chunk_70_139_r0,0
106,32131,1,32131,191,chunk_70_139_r0,1
107,32132,1,32132,191,chunk_70_139_r0,0
108,32133,1,32133,191,chunk_70_139_r0,0
109,32134,1,32134,191,chunk_70_139_r0,0
110,32135,1,32135,191,chunk_70_139_r0,0
111,32136,1,32136,191,chunk_70_139_r0,0
112,32137,1,32137,191,chunk_70_139_r0,0
113,32138,1,32138,191,chunk_70_139_r0,0
114,32139,1,32139,191,chunk_70_139_r0,1
115,32140,1,32140,191,chunk_70_139_r0,0
116,32141,1,32141,191,chunk_70_139_r0,0
117,32142,1,32142,191,chunk_70_139_r0,0
118,32143,1,32143,191,chunk_70_139_r0,0
119,32144,1,32144,191,chunk_70_139_r0,0
120,32145,1,32145,191,chunk_70_139_r0,0
121,32146,1,32146,191,chunk_70_139_r0,0
122,32147,1,32147,191,chunk_70_139_r0,0
123,32148,1,32148,191,chunk_70_139_r0,0
124,32149,1,32149,191,chunk_70_139_r0,0
125,32150,1,32150,191,chunk_70_139_r0,0
126,32151,1,32151,191,chunk_70_139_r0,0
127,32152,1,32152,191,chunk_70_139_r0,0
128,32153,1,32153,191,chunk_70_139_r0,0
129,32154,1,32154,191,chunk_70_139_r0,0
130,32155,1,32155,191,chunk_70_139_r0,0
131,32156,1,32156,191,chunk_70_139_r0,0
132,32157,1,32157,191,chunk_70_139_r0,0
133,32158,1,32158,191,chunk_70_139_r0,0
134,32159,1,32159,191,chunk_70_139_r0,0
135,32160,1,32160,191,chunk_70_139_r0,0
136,32161,1,32161,191,chunk_70_139_r0,0
137,32162,1,32162,191,chunk_70_139_r0,0
138,32163,1,32163,191,chunk_140_161_r0,1
139,32164,1,32164,191,chunk_140_161_r0,1
140,32165,1,32165,191,chunk_140_161_r0,0
141,32166,1,32166,191,chunk_140_161_r0,0
142,32167,1,32167,191,chunk_140_161_r0,0
143,32168,1,32168,191,chunk_140_161_r0,0
144,32169,1,32169,191,chunk_140_161_r0,0
145,32170,1,32170,191,chunk_140_161_r0,0
146,32171,1,32171,191,chunk_140_161_r0,1
147,32172,1,32172,191,chunk_140_161_r0,0
148,32173,1,32173,191,chunk_140_161_r0,0
149,32174,1,32174,191,chunk_140_161_r0,0
150,32175,1,32175,191,chunk_140_161_r0,0
151,32176,1,32176,191,chunk_140_161_r0,0
152,32177,1,32177,191,chunk_140_161_r0,0
153,32178,1,32178,191,chunk_140_161_r0,0
154,32179,1,32179,191,chunk_140_161_r0,0
155,32180,1,32180,191,chunk_140_161_r0,0
156,32181,1,32181,191,chunk_140_161_r0,0
157,32182,1,32182,191,chunk_140_161_r0,0
158,32183,1,32183,191,chunk_140_161_r0,0
159,32184,1,32184,191,chunk_140_161_r0,0
