label,capfile,nFrames,nGolden,pctGolden,totInfoBits,totInfoErr,codedBER,codedBER_steady
SELFTEST,/mnt/onetb/scratch/qpsk_variants/k5_240/selftest_k5.iq,5,5,100.000,600,0,0.00000000,0.00000000
SELFTEST,/mnt/onetb/scratch/qpsk_variants/k5_240/selftest_k5.iq,5,5,100.000,600,0,0.00000000,0.00000000
S1,/mnt/onetb/scratch/qpsk_variants/jupiter_240k5/rtl_sim/s1_tx_air_240k5.iq,29,0,0.000,3480,1460,0.41954023,0.41785714
S1,/mnt/onetb/scratch/qpsk_variants/jupiter_240k5/rtl_sim/s1_tx_air_240k5.iq,36,0,0.000,4320,1835,0.42476852,0.42380952
S1,/mnt/onetb/scratch/qpsk_variants/jupiter_240k5/rtl_sim/s1_tx_air_240k5.iq,27,27,100.000,3240,0,0.00000000,0.00000000
S1zed,/mnt/onetb/scratch/qpsk_variants/zed_240k5/rtl_sim/s1_tx_air_240k5.iq,27,27,100.000,3240,0,0.00000000,0.00000000
A,/mnt/onetb/scratch/qpsk_variants/k5_240/air/linkA_s4b.iq,59,54,91.525,7080,248,0.03502825,0.02830460
B,/mnt/onetb/scratch/qpsk_variants/k5_240/air/linkB_s4b.iq,218,212,97.248,26160,301,0.01150612,0.00933180
A,/mnt/onetb/scratch/qpsk_variants/k5_240/air/linkA_s4c.iq,124,0,0.000,14880,6561,0.44092742,0.44051491
A,/mnt/onetb/scratch/qpsk_variants/k5_240/air/linkA_s4d.iq,38,0,0.000,4560,2003,0.43925439,0.43828829
B,/mnt/onetb/scratch/qpsk_variants/k5_240/air/linkB_s4d.iq,220,220,100.000,26400,0,0.00000000,0.00000000
A,/mnt/onetb/scratch/qpsk_variants/k5_240/air/linkA_s4final.iq,157,0,0.000,18840,8253,0.43805732,0.43766026
A,/mnt/onetb/scratch/qpsk_variants/k5_240/air/linkA_jrxnotrack.iq,243,0,0.000,29160,12657,0.43405350,0.43374656
A,/mnt/onetb/scratch/qpsk_variants/k5_240/air/linkA_notrack.iq,109,0,0.000,13080,5652,0.43211009,0.43155864
SELFTEST,/mnt/onetb/scratch/qpsk_variants/k5_240/selftest_k5.iq,5,5,100.000,600,0,0.00000000,0.00000000
A,/mnt/onetb/scratch/qpsk_variants/k5_240/air/linkA_notrack.iq,109,0,0.000,13080,5652,0.43211009,0.43155864
A,/mnt/onetb/scratch/qpsk_variants/k5_240/air/linkA_dcfix.iq,220,0,0.000,26400,11495,0.43541667,0.43508371
SELFTEST,/mnt/onetb/scratch/qpsk_variants/k5_240/selftest_k5.iq,5,5,100.000,600,0,0.00000000,0.00000000
A,/mnt/onetb/scratch/qpsk_variants/k5_240/air/linkA_dcfix.iq,220,0,0.000,26400,10716,0.40590909,0.40563166
A,/mnt/onetb/scratch/qpsk_variants/k5_240/air/linkA_v6.iq,15,0,0.000,1800,765,0.42500000,0.42500000
B,/mnt/onetb/scratch/qpsk_variants/k5_240/air/linkB_v6.iq,220,219,99.545,26400,45,0.00170455,0.00000000
B,/mnt/onetb/scratch/qpsk_variants/k5_240/air/linkB_v6b.iq,199,133,66.834,23880,3233,0.13538526,0.13358586
B,/mnt/onetb/scratch/qpsk_variants/k5_240/air/linkB_soak1.iq,218,210,96.330,26160,396,0.01513761,0.01317204
B,/mnt/onetb/scratch/qpsk_variants/k5_240/air/linkB_soak2.iq,203,140,68.966,24360,3072,0.12610837,0.12446370
B,/mnt/onetb/scratch/qpsk_variants/k5_240/air/linkB_soak3.iq,207,135,65.217,24840,3488,0.14041868,0.13875405
B,/mnt/onetb/scratch/qpsk_variants/k5_240/air/linkB_soak4.iq,204,142,69.608,24480,3056,0.12483660,0.12307061
B,/mnt/onetb/scratch/qpsk_variants/k5_240/air/linkB_soak5.iq,197,124,62.944,23640,3549,0.15012690,0.14851190
B,/mnt/onetb/scratch/qpsk_variants/k5_240/air/linkB_soak6.iq,220,219,99.545,26400,47,0.00178030,0.00000000
B,/mnt/onetb/scratch/qpsk_variants/k5_240/air/linkB_soak1.iq,218,210,96.330,26160,396,0.01513761,0.01317204
B,/mnt/onetb/scratch/qpsk_variants/k5_240/air/linkB_soak2.iq,203,140,68.966,24360,3072,0.12610837,0.12446370
B,/mnt/onetb/scratch/qpsk_variants/k5_240/air/linkB_soak3.iq,207,135,65.217,24840,3488,0.14041868,0.13875405
B,/mnt/onetb/scratch/qpsk_variants/k5_240/air/linkB_soak4.iq,204,142,69.608,24480,3056,0.12483660,0.12307061
B,/mnt/onetb/scratch/qpsk_variants/k5_240/air/linkB_soak5.iq,197,124,62.944,23640,3549,0.15012690,0.14851190
B,/mnt/onetb/scratch/qpsk_variants/k5_240/air/linkB_soak6.iq,220,219,99.545,26400,47,0.00178030,0.00000000
B,/mnt/onetb/scratch/qpsk_variants/k5_240/air/linkB_soak7.iq,210,163,77.619,25200,2293,0.09099206,0.08923445
B,/mnt/onetb/scratch/qpsk_variants/k5_240/air/linkB_soak8.iq,189,103,54.497,22680,4188,0.18465608,0.18297872
B,/mnt/onetb/scratch/qpsk_variants/k5_240/air/linkB_soak9.iq,204,141,69.118,24480,3143,0.12839052,0.12664204
B,/mnt/onetb/scratch/qpsk_variants/k5_240/air/linkB_soak10.iq,218,198,90.826,26160,984,0.03761468,0.03563748
B,/mnt/onetb/scratch/qpsk_variants/k5_240/air/linkB_soak11.iq,123,122,99.187,14760,51,0.00345528,0.00000000
B,/mnt/onetb/scratch/qpsk_variants/k5_240/air/linkB_soak12.iq,219,211,96.347,26280,449,0.01708524,0.01502294
B,/mnt/onetb/scratch/qpsk_variants/k5_240/air/linkB_soak13.iq,220,215,97.727,26400,262,0.00992424,0.00802892
B,/mnt/onetb/scratch/qpsk_variants/k5_240/air/linkB_soak14.iq,212,170,80.189,25440,2103,0.08266509,0.08080569
B,/mnt/onetb/scratch/qpsk_variants/k5_240/air/linkB_soak15.iq,200,139,69.500,24000,3026,0.12608333,0.12428811
B,/mnt/onetb/scratch/qpsk_variants/k5_240/air/linkB_soak16.iq,180,87,48.333,21600,4409,0.20412037,0.20265363
B,/mnt/onetb/scratch/qpsk_variants/k5_240/air/linkB_soak17.iq,137,41,29.927,16440,4738,0.28819951,0.28688725
B,/mnt/onetb/scratch/qpsk_variants/k5_240/air/linkB_soak18.iq,214,191,89.252,25680,1120,0.04361371,0.04170579
B,/mnt/onetb/scratch/qpsk_variants/k5_240/air/linkB_soak19.iq,218,200,91.743,26160,903,0.03451835,0.03252688
B,/mnt/onetb/scratch/qpsk_variants/k5_240/air/linkB_soak20.iq,219,216,98.630,26280,177,0.00673516,0.00474006
B,/mnt/onetb/scratch/qpsk_variants/k5_240/air/linkB_longL1.iq,879,835,94.994,105480,2224,0.02108457,0.02055809
B,/mnt/onetb/scratch/qpsk_variants/k5_240/air/linkB_longL2.iq,823,560,68.044,98760,12849,0.13010328,0.12966342
B,/mnt/onetb/scratch/qpsk_variants/k5_240/air/linkB_longL3.iq,560,202,36.071,67200,17403,0.25897321,0.25857185
A,/mnt/onetb/scratch/qpsk_variants/k5_240/air/linkA_g34_1.iq,34,0,0.000,4080,1734,0.42500000,0.42500000
A,/mnt/onetb/scratch/qpsk_variants/k5_240/air/linkA_g34_2.iq,187,0,0.000,22440,9371,0.41760250,0.41738351
A,/mnt/onetb/scratch/qpsk_variants/k5_240/air/linkA_g34_3.iq,220,0,0.000,26400,11050,0.41856061,0.41845510
A,/mnt/onetb/scratch/qpsk_variants/k5_240/air/linkA_quad_1.iq,76,21,27.632,9120,2676,0.29342105,0.29122222
A,/mnt/onetb/scratch/qpsk_variants/k5_240/air/linkA_quad_2.iq,171,2,1.170,20520,8472,0.41286550,0.41254902
A,/mnt/onetb/scratch/qpsk_variants/k5_240/air/linkA_quad_3.iq,87,3,3.448,10440,4197,0.40201149,0.40116279
A,/mnt/onetb/scratch/qpsk_variants/k5_240/air/linkA_trim_2399974000.iq,93,10,10.753,11160,4165,0.37320789,0.37201087
A,/mnt/onetb/scratch/qpsk_variants/k5_240/air/linkA_trim_2399975000.iq,76,1,1.316,9120,4050,0.44407895,0.44366667
A,/mnt/onetb/scratch/qpsk_variants/k5_240/air/linkA_trim_2399980000.iq,123,114,92.683,14760,430,0.02913279,0.02568306
A,/mnt/onetb/scratch/qpsk_variants/k5_240/air/linkA_trim_2399990000.iq,113,0,0.000,13560,5895,0.43473451,0.43407738
A,/mnt/onetb/scratch/qpsk_variants/k5_240/air/linkA_fs_2399975000.iq,89,12,13.483,10680,3665,0.34316479,0.34157197
A,/mnt/onetb/scratch/qpsk_variants/k5_240/air/linkA_fs_2399976000.iq,70,2,2.857,8400,3665,0.43630952,0.43599034
A,/mnt/onetb/scratch/qpsk_variants/k5_240/air/linkA_fs_2399977000.iq,128,94,73.438,15360,1730,0.11263021,0.10997375
A,/mnt/onetb/scratch/qpsk_variants/k5_240/air/linkA_fs_2399978000.iq,83,63,75.904,9960,1016,0.10200803,0.09776423
A,/mnt/onetb/scratch/qpsk_variants/k5_240/air/linkA_fs_2399979000.iq,113,88,77.876,13560,1246,0.09188791,0.08861607
A,/mnt/onetb/scratch/qpsk_variants/k5_240/air/linkA_comp.iq,108,0,0.000,12960,5789,0.44668210,0.44626168
A,/mnt/onetb/scratch/qpsk_variants/k5_240/air/linkA_freq_2410000000.iq,58,0,0.000,6960,2992,0.42988506,0.42894737
A,/mnt/onetb/scratch/qpsk_variants/k5_240/air/linkA_freq_2420000000.iq,65,0,0.000,7800,3394,0.43512821,0.43437500
A,/mnt/onetb/scratch/qpsk_variants/k5_240/air/linkA_freq_2430000000.iq,51,0,0.000,6120,2629,0.42957516,0.42850000
zed_selfloop,/mnt/onetb/scratch/qpsk_variants/k5_240/air/zed_selfloop.iq,20,18,90.000,2400,92,0.03833333,0.02017544
B,/mnt/onetb/scratch/qpsk_variants/k5_240/air/linkB_calsoff_1.iq,214,176,82.243,25680,1881,0.07324766,0.07143975
B,/mnt/onetb/scratch/qpsk_variants/k5_240/air/linkB_calsoff_2.iq,166,82,49.398,19920,4072,0.20441767,0.20272727
B,/mnt/onetb/scratch/qpsk_variants/k5_240/air/linkB_calsoff_3.iq,201,130,64.677,24120,3443,0.14274461,0.14112500
B,/mnt/onetb/scratch/qpsk_variants/k5_240/air/linkB_calsoff_4.iq,124,29,23.387,14880,4617,0.31028226,0.30901084
B,/mnt/onetb/scratch/qpsk_variants/k5_240/air/linkB_calsoff_5.iq,104,26,25.000,12480,3832,0.30705128,0.30542071
laJ,/mnt/onetb/scratch/qpsk_variants/two_jup/la146.iq,25,0,0.000,3000,1288,0.42933333,0.42743056
orig,/mnt/onetb/scratch/qpsk_variants/two_jup/la146.iq,25,0,0.000,3000,1288,0.42933333,0.42743056
canc,/mnt/onetb/scratch/qpsk_variants/two_jup/la146_canc.iq,26,0,0.000,3120,1380,0.44230769,0.44066667
fresh,/mnt/onetb/scratch/qpsk_variants/two_jup/la146_fresh.iq,42,0,0.000,5040,2158,0.42817460,0.42682927
jupS1,/mnt/onetb/scratch/qpsk_variants/jupiter_240k5/rtl_sim/s1_tx_air_240k5.iq,27,27,100.000,3240,0,0.00000000,0.00000000
1p5,/mnt/onetb/scratch/qpsk_variants/two_jup/decode_1p5.iq,48,0,0.000,5760,2460,0.42708333,0.42570922
orig,/tmp/iq_orig.iq,47,0,0.000,5640,2445,0.43351064,0.43242754
iqcorr,/tmp/iq_corr.iq,45,0,0.000,5400,2350,0.43518519,0.43371212
p,/mnt/onetb/scratch/qpsk_variants/two_jup/pw_0.iq,30,0,0.000,3600,1579,0.43861111,0.43706897
p,/mnt/onetb/scratch/qpsk_variants/two_jup/pw_-15.iq,33,0,0.000,3960,1695,0.42803030,0.42682292
p,/mnt/onetb/scratch/qpsk_variants/two_jup/pw_-30.iq,31,0,0.000,3720,1625,0.43682796,0.43527778
p,/mnt/onetb/scratch/qpsk_variants/two_jup/pw_-40.iq,37,0,0.000,4440,1942,0.43738739,0.43657407
selftest,/mnt/onetb/scratch/qpsk_variants/two_jup/golden_tx.iq,10,1,10.000,1200,463,0.38583333,0.37500000
selftest,/mnt/onetb/scratch/qpsk_variants/two_jup/golden_tx.iq,19,19,100.000,2280,0,0.00000000,0.00000000
rm,/mnt/onetb/scratch/qpsk_variants/two_jup/ratematch_2p0.iq,113,0,0.000,13560,5883,0.43384956,0.43333333
fm,/mnt/onetb/scratch/qpsk_variants/two_jup/final_1p92.iq,42,0,0.000,5040,2198,0.43611111,0.43495935
h2,/mnt/onetb/scratch/qpsk_variants/two_jup/hostdma_ch2_1p92.iq,41,0,0.000,4920,2123,0.43150407,0.42979167
h,/mnt/onetb/scratch/qpsk_variants/two_jup/hostdma_ch2_v3.iq,39,0,0.000,4680,2029,0.43354701,0.43179825
ch2,/mnt/onetb/scratch/qpsk_variants/two_jup/ch2link.iq,43,0,0.000,5160,2253,0.43662791,0.43511905
r,/tmp/rep.iq,19,19,100.000,2280,0,0.00000000,0.00000000
r,/tmp/rep.iq,19,19,100.000,2280,0,0.00000000,0.00000000
r,/tmp/rep.iq,19,19,100.000,2280,0,0.00000000,0.00000000
r,/tmp/rep.iq,19,19,100.000,2280,0,0.00000000,0.00000000
r,/tmp/rep.iq,19,19,100.000,2280,0,0.00000000,0.00000000
r,/tmp/rep.iq,19,17,89.474,2280,119,0.05219298,0.03472222
r,/tmp/rep.iq,19,0,0.000,2280,998,0.43771930,0.43472222
r,/tmp/rep.iq,19,0,0.000,2280,999,0.43815789,0.43611111
r,/tmp/rep.iq,19,0,0.000,2280,994,0.43596491,0.43287037
r,/tmp/rep.iq,19,19,100.000,2280,0,0.00000000,0.00000000
r,/tmp/rep.iq,19,19,100.000,2280,0,0.00000000,0.00000000
r,/tmp/rep.iq,19,19,100.000,2280,0,0.00000000,0.00000000
r,/tmp/rep.iq,20,2,10.000,2400,938,0.39083333,0.38596491
r,/tmp/rep.iq,23,15,65.217,2760,428,0.15507246,0.14166667
r,/tmp/rep.iq,23,0,0.000,2760,1199,0.43442029,0.43219697
r,/tmp/rep.iq,23,0,0.000,2760,1167,0.42282609,0.42121212
lb,/mnt/onetb/scratch/qpsk_variants/k5_240/air/linkB_s4d.iq,220,220,100.000,26400,0,0.00000000,0.00000000
nel,/mnt/onetb/scratch/qpsk_variants/two_jup/nearend_146.iq,43,0,0.000,5160,2258,0.43759690,0.43670635
fix,/mnt/onetb/scratch/qpsk_variants/two_jup/fix_test.iq,56,0,0.000,6720,2903,0.43199405,0.43090909
txfix,/mnt/onetb/scratch/qpsk_variants/two_jup/txfix_nearend.iq,44,0,0.000,5280,2326,0.44053030,0.43934109
d,/mnt/onetb/scratch/qpsk_variants/two_jup/la146_fresh_dec2.iq,16,0,0.000,1920,853,0.44427083,0.44222222
d,/mnt/onetb/scratch/qpsk_variants/two_jup/txfix_nearend_dec2.iq,16,16,100.000,1920,0,0.00000000,0.00000000
d,/mnt/onetb/scratch/qpsk_variants/two_jup/ch2link_dec2.iq,16,0,0.000,1920,834,0.43437500,0.43222222
g,/mnt/onetb/scratch/qpsk_variants/two_jup/gather_nearend.iq,43,0,0.000,5160,2236,0.43333333,0.43234127
dec2,/mnt/onetb/scratch/qpsk_variants/two_jup/gather_link_dec2.iq,22,21,95.455,2640,45,0.01704545,0.00000000
s,/mnt/onetb/scratch/qpsk_variants/two_jup/soak148_dec2.iq,44,43,97.727,5280,46,0.00871212,0.00000000
s,/mnt/onetb/scratch/qpsk_variants/two_jup/soak148_dec2.iq,44,43,97.727,5280,46,0.00871212,0.00000000
146to148,/mnt/onetb/scratch/qpsk_variants/two_jup/soak146_dec2.iq,43,0,0.000,5160,2248,0.43565891,0.43412698
146to148-full,/mnt/onetb/scratch/qpsk_variants/two_jup/soak146.iq,107,0,0.000,12840,5557,0.43278816,0.43223270
n146,/mnt/onetb/scratch/qpsk_variants/two_jup/near146_dec2.iq,21,20,95.238,2520,49,0.01944444,0.00000000
146to148,/mnt/onetb/scratch/qpsk_variants/two_jup/soak146b_dec2.iq,43,0,0.000,5160,2232,0.43255814,0.43154762
148nearph0,/mnt/onetb/scratch/qpsk_variants/two_jup/gn_ph0.iq,16,16,100.000,1920,0,0.00000000,0.00000000
148nearph1,/mnt/onetb/scratch/qpsk_variants/two_jup/gn_ph1.iq,16,16,100.000,1920,0,0.00000000,0.00000000
146to148odd,/mnt/onetb/scratch/qpsk_variants/two_jup/soak146b_odd.iq,43,0,0.000,5160,2226,0.43139535,0.43035714
FDD 146->148,/mnt/onetb/scratch/qpsk_variants/two_jup/fdd_146to148_dec2.iq,44,0,0.000,5280,2290,0.43371212,0.43255814
FDD 148->146,/mnt/onetb/scratch/qpsk_variants/two_jup/fdd_148to146_dec2.iq,43,0,0.000,5160,2241,0.43430233,0.43313492
ISO 148->146 (146 Tx off),/mnt/onetb/scratch/qpsk_variants/two_jup/iso_148to146_dec2.iq,44,0,0.000,5280,2301,0.43579545,0.43430233
148->146 @2.0,/mnt/onetb/scratch/qpsk_variants/two_jup/t148to146_dec2.iq,43,0,0.000,5160,2283,0.44244186,0.44126984
146->148 @2.0,/mnt/onetb/scratch/qpsk_variants/two_jup/t146to148_dec2.iq,43,0,0.000,5160,2344,0.45426357,0.45277778
ph0,/mnt/onetb/scratch/qpsk_variants/two_jup/t148_ph0.iq,43,0,0.000,5160,2283,0.44244186,0.44126984
ph1,/mnt/onetb/scratch/qpsk_variants/two_jup/t148_ph1.iq,43,0,0.000,5160,2243,0.43468992,0.43353175
148->146 clean ph0,/mnt/onetb/scratch/qpsk_variants/two_jup/clean148_ph0.iq,65,65,100.000,7800,0,0.00000000,0.00000000
148->146 clean ph1,/mnt/onetb/scratch/qpsk_variants/two_jup/clean148_ph1.iq,65,65,100.000,7800,0,0.00000000,0.00000000
146->148 clean,/mnt/onetb/scratch/qpsk_variants/two_jup/rev146_dec2.iq,55,54,98.182,6600,45,0.00681818,0.00000000
fail240,/mnt/onetb/scratch/qpsk_variants/two_jup/fail240_dec2.iq,44,0,0.000,5280,2306,0.43674242,0.43527132
ctrl2.0,/mnt/onetb/scratch/qpsk_variants/two_jup/ctrl20_dec2.iq,32,0,0.000,3840,1663,0.43307292,0.43145161
ne146now,/mnt/onetb/scratch/qpsk_variants/two_jup/ne146_now_dec2.iq,21,21,100.000,2520,0,0.00000000,0.00000000
soak148_RAW,/mnt/onetb/scratch/qpsk_variants/two_jup/soak148.iq,113,0,0.000,13560,5904,0.43539823,0.43497024
ctrl20_RAW,/mnt/onetb/scratch/qpsk_variants/two_jup/ctrl20.iq,91,0,0.000,10920,4780,0.43772894,0.43703704
ne146_now_RAW,/mnt/onetb/scratch/qpsk_variants/two_jup/ne146_now.iq,58,0,0.000,6960,3053,0.43864943,0.43786550
othercable,/mnt/onetb/scratch/qpsk_variants/two_jup/othercable_dec2.iq,33,0,0.000,3960,1679,0.42398990,0.42239583
hdRAW,/mnt/onetb/scratch/qpsk_variants/two_jup/hostdma_ch1.iq,75,0,0.000,9000,3883,0.43144444,0.43063063
hdDEC2,/mnt/onetb/scratch/qpsk_variants/two_jup/hostdma_ch1_dec2.iq,27,0,0.000,3240,1404,0.43333333,0.43141026
ota_dec2,/mnt/onetb/scratch/qpsk_variants/two_jup/ota1_dec2.iq,32,0,0.000,3840,1683,0.43828125,0.43655914
stock_ota,/mnt/onetb/scratch/qpsk_variants/two_jup/stock_ota.iq,65,0,0.000,7800,3378,0.43307692,0.43255208
stock_ota_dec2,/mnt/onetb/scratch/qpsk_variants/two_jup/stock_ota_dec2.iq,37,0,0.000,4440,1956,0.44054054,0.43888889
rxtxoff,/mnt/onetb/scratch/qpsk_variants/two_jup/rxtxoff.iq,66,0,0.000,7920,3649,0.46073232,0.46064103
rxtxoff_dec2,/mnt/onetb/scratch/qpsk_variants/two_jup/rxtxoff_dec2.iq,39,0,0.000,4680,2024,0.43247863,0.43048246
f2000000000,/mnt/onetb/scratch/qpsk_variants/two_jup/sweep_2000000000_dec2.iq,32,0,0.000,3840,1697,0.44192708,0.44059140
f3500000000,/mnt/onetb/scratch/qpsk_variants/two_jup/sweep_3500000000_dec2.iq,31,0,0.000,3720,1610,0.43279570,0.43055556
f1000000000,/mnt/onetb/scratch/qpsk_variants/two_jup/sweep_1000000000_dec2.iq,32,0,0.000,3840,1659,0.43203125,0.43010753
manualgain,/mnt/onetb/scratch/qpsk_variants/two_jup/manualgain_dec2.iq,32,0,0.000,3840,1691,0.44036458,0.43870968
manualgain_conj_dec2,/mnt/onetb/scratch/qpsk_variants/two_jup/manualgain_conj_dec2.iq,32,0,0.000,3840,1691,0.44036458,0.43870968
manualgain_swap_dec2,/mnt/onetb/scratch/qpsk_variants/two_jup/manualgain_swap_dec2.iq,32,0,0.000,3840,1691,0.44036458,0.43870968
ctrl20_conj_dec2,/mnt/onetb/scratch/qpsk_variants/two_jup/ctrl20_conj_dec2.iq,32,0,0.000,3840,1663,0.43307292,0.43145161
SELF146,/mnt/onetb/scratch/qpsk_variants/two_jup/self146_dec2.iq,31,0,0.000,3720,1587,0.42661290,0.42472222
self146,/mnt/onetb/scratch/qpsk_variants/two_jup/self146.iq,55,0,0.000,6600,3030,0.45909091,0.45895062
self146_dec2,/mnt/onetb/scratch/qpsk_variants/two_jup/self146_dec2.iq,31,0,0.000,3720,1587,0.42661290,0.42472222
self146_dec4,/mnt/onetb/scratch/qpsk_variants/two_jup/self146_dec4.iq,16,0,0.000,1920,822,0.42812500,0.42444444
self146_int2,/mnt/onetb/scratch/qpsk_variants/two_jup/self146_int2.iq,131,0,0.000,15720,6675,0.42461832,0.42410256
GOLDEN-OTA,/mnt/onetb/scratch/qpsk_variants/two_jup/golden_ota_dec2.iq,43,43,100.000,5160,0,0.00000000,0.00000000
LNA-air,/mnt/onetb/scratch/qpsk_variants/two_jup/lna_air_dec2.iq,32,0,0.000,3840,1650,0.42968750,0.42822581
FINAL-air,/mnt/onetb/scratch/qpsk_variants/two_jup/final_air_dec2.iq,34,0,0.000,4080,1785,0.43750000,0.43611111
LNA@2.0,/mnt/onetb/scratch/qpsk_variants/two_jup/lna20_dec2.iq,32,0,0.000,3840,1632,0.42500000,0.42311828
LNA+backoff,/mnt/onetb/scratch/qpsk_variants/two_jup/lna20b_dec2.iq,33,0,0.000,3960,1714,0.43282828,0.43125000
fail_10_035625,/mnt/onetb/scratch/qpsk_variants/two_jup/soak/fail_10_035625_d2.iq,5,0,0.000,600,264,0.44000000,0.43541667
fail_33_040727,/mnt/onetb/scratch/qpsk_variants/two_jup/soak/fail_33_040727_d2.iq,5,0,0.000,600,262,0.43666667,0.43125000
fail_59_041756,/mnt/onetb/scratch/qpsk_variants/two_jup/soak/fail_59_041756_d2.iq,5,0,0.000,600,261,0.43500000,0.43125000
fail_90_043123,/mnt/onetb/scratch/qpsk_variants/two_jup/soak/fail_90_043123_d2.iq,5,0,0.000,600,262,0.43666667,0.43541667
dump,soak/fail_10_035625_d2.iq,5,0,0.000,600,264,0.44000000,0.43541667
dump,soak/fail_33_040727_d2.iq,5,0,0.000,600,262,0.43666667,0.43125000
dump,soak/fail_90_043123_d2.iq,5,0,0.000,600,262,0.43666667,0.43541667
ne,ne_failing_d2.iq,6,6,100.000,720,0,0.00000000,0.00000000
d,soak/fail_10_035625_d2.iq,5,0,0.000,600,264,0.44000000,0.43541667
d,soak/fail_90_043123_d2.iq,5,0,0.000,600,262,0.43666667,0.43541667
disc_modem,/mnt/onetb/scratch/qpsk_variants/two_jup/disc_modem_d2.iq,10,0,0.000,1200,527,0.43916667,0.43703704
disc_dma,/mnt/onetb/scratch/qpsk_variants/two_jup/disc_dma_d2.iq,10,0,0.000,1200,518,0.43166667,0.43055556
disc_modem2,/mnt/onetb/scratch/qpsk_variants/two_jup/disc_modem2_d2.iq,11,0,0.000,1320,570,0.43181818,0.42833333
SEPARATED,/mnt/onetb/scratch/qpsk_variants/two_jup/separated_d2.iq,35,0,0.000,4200,1730,0.41190476,0.41053922
SOUNDING-OTA,/mnt/onetb/scratch/qpsk_variants/two_jup/sounding_ota_d2.iq,220,219,99.545,26400,48,0.00181818,0.00000000
AB-MODEM,/mnt/onetb/scratch/qpsk_variants/two_jup/ab_modem_d2.iq,44,43,97.727,5280,45,0.00852273,0.00000000
REPRO-offline,/mnt/onetb/scratch/qpsk_variants/two_jup/repro_d2.iq,55,0,0.000,6600,2677,0.40560606,0.40462963
SPLIT-146-rebooted,/mnt/onetb/scratch/qpsk_variants/two_jup/split146_d2.iq,27,0,0.000,3240,1346,0.41543210,0.41378205
SPLIT-148-rebooted,/mnt/onetb/scratch/qpsk_variants/two_jup/split148_d2.iq,21,21,100.000,2520,0,0.00000000,0.00000000
GONOGO-GO,/mnt/onetb/scratch/qpsk_variants/two_jup/gonogo_logs/try1_d2.iq,16,15,93.750,1920,47,0.02447917,0.00000000
fdd_linkA,/mnt/onetb/scratch/qpsk_variants/two_jup/gonogo_logs/fdd_linkA_d2.iq,16,15,93.750,1920,45,0.02343750,0.00000000
fdd_linkB,/mnt/onetb/scratch/qpsk_variants/two_jup/gonogo_logs/fdd_linkB_d2.iq,16,16,100.000,1920,0,0.00000000,0.00000000
swapchk,gonogo_logs/try1_d2.iq,16,15,93.750,1920,47,0.02447917,0.00000000
ARMED-TAP-T8,/mnt/onetb/scratch/qpsk_variants/two_jup/armed_tap_t8_d2.iq,16,0,0.000,1920,768,0.40000000,0.40000000
t8tap/armed_tap_t8.iq,t8tap/armed_tap_t8.iq,43,0,0.000,5160,2240,0.43410853,0.43253968
t8tap/try1.iq,t8tap/try1.iq,45,0,0.000,5400,2325,0.43055556,0.42954545
t8tap/muxtap_0.iq,t8tap/muxtap_0.iq,22,0,0.000,2640,1109,0.42007576,0.41746032
t8tap/armed_tap_t8.iq,t8tap/armed_tap_t8.iq,43,0,0.000,5160,2240,0.43410853,0.43253968
t8tap/try1.iq,t8tap/try1.iq,45,0,0.000,5400,2325,0.43055556,0.42954545
t8tap/muxtap_0.iq,t8tap/muxtap_0.iq,22,0,0.000,2640,1109,0.42007576,0.41746032
t8tap/armed_tap_t8_d2p0.iq,t8tap/armed_tap_t8_d2p0.iq,16,0,0.000,1920,768,0.40000000,0.40000000
t8tap/armed_tap_t8_d2p1.iq,t8tap/armed_tap_t8_d2p1.iq,16,0,0.000,1920,754,0.39270833,0.39222222
t8tap/try1_d2p0.iq,t8tap/try1_d2p0.iq,16,16,100.000,1920,0,0.00000000,0.00000000
t8tap/try1_d2p1.iq,t8tap/try1_d2p1.iq,16,16,100.000,1920,0,0.00000000,0.00000000
txsim_lane0,t8tap/txsim_lane0.iq,8,0,0.000,960,420,0.43750000,0.42976190
txsim_raw,t8tap/txsim_raw.iq,9,0,0.000,1080,473,0.43796296,0.43229167
t8tap/txsim_raw_d2p0.iq,t8tap/txsim_raw_d2p0.iq,3,2,66.667,360,49,0.13611111,0.00000000
t8tap/txsim_raw_d2p1.iq,t8tap/txsim_raw_d2p1.iq,3,3,100.000,360,0,0.00000000,0.00000000
t8tap/txsim_lane0_d2p0.iq,t8tap/txsim_lane0_d2p0.iq,3,0,0.000,360,103,0.28611111,0.24166667
t8tap/txsim_lane0_d2p1.iq,t8tap/txsim_lane0_d2p1.iq,3,0,0.000,360,153,0.42500000,0.41250000
HDMA-rail-d2,/mnt/onetb/scratch/qpsk_variants/two_jup/armed_tap_hostdma_d2.iq,16,0,0.000,1920,778,0.40520833,0.40000000
HDMA-rail-raw,/mnt/onetb/scratch/qpsk_variants/two_jup/armed_tap_hostdma.iq,44,0,0.000,5280,2265,0.42897727,0.42790698
ch2_hostdma,/mnt/onetb/scratch/qpsk_variants/two_jup/ch2_hostdma.iq,46,0,0.000,5520,2354,0.42644928,0.42537037
ch2_hostdma_d2,/mnt/onetb/scratch/qpsk_variants/two_jup/ch2_hostdma_d2.iq,16,0,0.000,1920,770,0.40104167,0.40000000
ch2_dup2,/mnt/onetb/scratch/qpsk_variants/two_jup/ch2_dup2.iq,46,0,0.000,5520,2366,0.42862319,0.42796296
ch2_dup2_d2,/mnt/onetb/scratch/qpsk_variants/two_jup/ch2_dup2_d2.iq,15,0,0.000,1800,720,0.40000000,0.40000000
ch2_rs8,t8rate/ch2_hostdma_rs8.iq,16,0,0.000,1920,770,0.40104167,0.40000000
ch2_rs8,t8rate/ch2_hostdma_rs8.iq,16,0,0.000,1920,770,0.40104167,0.40000000
t8rate/ch2_hostdma_dec2p0.iq,t8rate/ch2_hostdma_dec2p0.iq,16,0,0.000,1920,770,0.40104167,0.40000000
t8rate/ch2_hostdma_dec2p1.iq,t8rate/ch2_hostdma_dec2p1.iq,16,0,0.000,1920,770,0.40104167,0.40000000
dec2derot,t8rate/ch2_dec2_derot.iq,16,0,0.000,1920,770,0.40104167,0.40000000
synthctrl,t8rate/synth_ctrl.iq,16,16,100.000,1920,0,0.00000000,0.00000000
ch2-sps4,/mnt/onetb/scratch/qpsk_variants/two_jup/ch2_sps4.iq,37,0,0.000,4440,1913,0.43085586,0.42847222
PN-air-ch2,/mnt/onetb/scratch/qpsk_variants/two_jup/pnair_pn2.iq,38,0,0.000,4560,2024,0.44385965,0.44189189
t8rate/pnair_pn2_d2p0.iq,t8rate/pnair_pn2_d2p0.iq,13,12,92.308,1560,49,0.03141026,0.00000000
t8rate/pnair_pn2_d2p1.iq,t8rate/pnair_pn2_d2p1.iq,13,12,92.308,1560,49,0.03141026,0.00000000
t8rate/pnair_pn_d2p0.iq,t8rate/pnair_pn_d2p0.iq,13,12,92.308,1560,49,0.03141026,0.00000000
t8rate/pnair_pn_d2p1.iq,t8rate/pnair_pn_d2p1.iq,13,12,92.308,1560,49,0.03141026,0.00000000
S1,/mnt/onetb/scratch/qpsk_variants/jupiter_240k5_byte/rtl_sim/s1_tx_air_240k5.iq,27,27,100.000,3240,0,0.00000000,0.00000000
lockedwrong_rail,lockedwrong_rail.iq,44,0,0.000,5280,2321,0.43958333,0.43895349
rail_unswap_p0.iq,rail_unswap_p0.iq,44,0,0.000,5280,2321,0.43958333,0.43895349
rail_unswap_p1.iq,rail_unswap_p1.iq,44,0,0.000,5280,2321,0.43958333,0.43895349
rail_Qadv.iq,rail_Qadv.iq,44,0,0.000,5280,2317,0.43882576,0.43817829
rail_Qdel.iq,rail_Qdel.iq,43,0,0.000,5160,2269,0.43972868,0.43888889
rail_swap_Qadv.iq,rail_swap_Qadv.iq,43,0,0.000,5160,2269,0.43972868,0.43888889
rail_swap_Qdel.iq,rail_swap_Qdel.iq,44,0,0.000,5280,2317,0.43882576,0.43817829
txrate_fix_air,txrate_fix_air_n.iq,12,12,100.000,1440,0,0.00000000,0.00000000
txrate_stock_air,txrate_stock_air_n.iq,16,0,0.000,1920,789,0.41093750,0.40944444
S1,/mnt/onetb/scratch/qpsk_variants/jupiter_240k5_byte/rtl_sim/s1_tx_air_240k5.iq,27,27,100.000,3240,0,0.00000000,0.00000000
S1,/mnt/onetb/scratch/qpsk-jupiter-modem/jupiter_240k5_byte/rtl_sim/s1_tx_air_240k5.iq,27,27,100.000,3240,0,0.00000000,0.00000000
S1,/mnt/onetb/scratch/qpsk-jupiter-modem/jupiter_240k5_byte/rtl_sim/s1_tx_air_240k5.iq,27,27,100.000,3240,0,0.00000000,0.00000000
S1,/mnt/onetb/scratch/qpsk-jupiter-modem/jupiter_240k5_byte/rtl_sim/s1_tx_air_240k5.iq,27,27,100.000,3240,0,0.00000000,0.00000000
S1,/mnt/onetb/scratch/qpsk-jupiter-modem/jupiter_240k5_byte/rtl_sim/s1_tx_air_240k5.iq,27,27,100.000,3240,0,0.00000000,0.00000000
S1,/mnt/onetb/scratch/qpsk-jupiter-modem/jupiter_240k5_byte/rtl_sim/s1_tx_air_240k5.iq,27,27,100.000,3240,0,0.00000000,0.00000000
S1,/mnt/onetb/scratch/qpsk-jupiter-modem/jupiter_240k5_byte/rtl_sim/s1_tx_air_240k5.iq,27,27,100.000,3240,0,0.00000000,0.00000000
S1,/mnt/onetb/scratch/qpsk-jupiter-modem/jupiter_240k5_byte/rtl_sim/s1_tx_air_240k5.iq,27,27,100.000,3240,0,0.00000000,0.00000000
S1,/mnt/onetb/scratch/qpsk-jupiter-modem/jupiter_240k5_byte/rtl_sim/s1_tx_air_240k5.iq,27,27,100.000,3240,0,0.00000000,0.00000000
S1,/mnt/onetb/scratch/qpsk-jupiter-modem/jupiter_240k5_byte/rtl_sim/s1_tx_air_240k5.iq,27,27,100.000,3240,0,0.00000000,0.00000000
S1,/mnt/onetb/scratch/qpsk-jupiter-modem/jupiter_240k5_byte/rtl_sim/s1_tx_air_240k5.iq,27,27,100.000,3240,0,0.00000000,0.00000000
S1,/mnt/onetb/scratch/qpsk-jupiter-modem/jupiter_240k5_byte/rtl_sim/s1_tx_air_240k5.iq,27,27,100.000,3240,0,0.00000000,0.00000000
S1,/mnt/onetb/scratch/qpsk-jupiter-modem/jupiter_240k5_byte/rtl_sim/s1_tx_air_240k5.iq,27,27,100.000,3240,0,0.00000000,0.00000000
S1,/mnt/onetb/scratch/qpsk-jupiter-modem/jupiter_240k5_byte/rtl_sim/s1_tx_air_240k5.iq,27,27,100.000,3240,0,0.00000000,0.00000000
S1,/mnt/onetb/scratch/qpsk-jupiter-modem/jupiter_240k5_byte/rtl_sim/s1_tx_air_240k5.iq,27,27,100.000,3240,0,0.00000000,0.00000000
S1,/mnt/onetb/scratch/qpsk-jupiter-modem/jupiter_240k5_byte/rtl_sim/s1_tx_air_240k5.iq,27,27,100.000,3240,0,0.00000000,0.00000000
S1,/mnt/onetb/scratch/qpsk-jupiter-modem/jupiter_240k5_byte/rtl_sim/s1_tx_air_240k5.iq,27,27,100.000,3240,0,0.00000000,0.00000000
