path,onset_seq,run_len,t_s,t_mono_ns,t_real_ns
two_jup/comb/runs/20260904_201814_w1_air/cap/frames.bin,65932,4,33.940274,921255142488,1788567658842739456
two_jup/comb/runs/20260904_201814_w1_air/cap/frames.bin,65982,3,33.981222,921296089872,1788567658883686656
two_jup/comb/runs/20260904_201814_w1_air/cap/frames.bin,66356,14,34.278582,921593449578,1788567659181046528
two_jup/comb/runs/20260904_201814_w1_air/cap/frames.bin,66926,5,34.737854,922052721867,1788567659640318720
two_jup/comb/runs/20260904_201814_w1_air/cap/frames.bin,68438,14,35.950282,923265150348,1788567660852747264
two_jup/comb/runs/20260904_201814_w1_air/cap/frames.bin,69518,7,36.818382,924133250308,1788567661720847104
two_jup/comb/runs/20260904_201814_w1_air/cap/frames.bin,70911,7,37.936865,925251733303,1788567662839330304
two_jup/comb/runs/20260904_201814_w1_air/cap/frames.bin,71015,16,38.019309,925334177342,1788567662921774336
two_jup/comb/runs/20260904_201814_w1_air/cap/frames.bin,72553,15,39.254273,926569141298,1788567664156738304
two_jup/comb/runs/20260904_201814_w1_air/cap/frames.bin,72673,8,39.351406,926666273777,1788567664253870592
two_jup/comb/runs/20260904_201814_w1_air/cap/frames.bin,78166,4,43.763437,931078305075,1788567668665901824
two_jup/comb/runs/20260904_201814_w1_air/cap/frames.bin,78174,13,43.781062,931095930153,1788567668683527168
two_jup/comb/runs/20260904_201814_w1_air/cap/frames.bin,90938,3,54.018988,941333855565,1788567678921452544
two_jup/comb/runs/20260904_201814_w1_air/cap/frames.bin,91574,7,54.527819,941842687330,1788567679430284032
two_jup/comb/runs/20260904_201814_w1_air/cap/frames.bin,95818,4,57.936673,945251540773,1788567682839137536
two_jup/comb/runs/20260904_201814_w1_air/cap/frames.bin,96517,10,58.496152,945811019975,1788567683398616832
two_jup/comb/runs/20260904_201814_w1_air/cap/frames.bin,101338,6,62.367924,949682792498,1788567687270389504
two_jup/comb/runs/20260904_201814_w1_air/cap/frames.bin,101762,15,62.707061,950021929165,1788567687609526016
two_jup/comb/runs/20260904_201814_w1_air/cap/frames.bin,101842,16,62.771266,950086133953,1788567687673730816
two_jup/comb/runs/20260904_201814_w1_air/cap/frames.bin,101868,7,62.801892,950116759662,1788567687704356608
two_jup/comb/runs/20260904_201814_w1_air/cap/frames.bin,102250,10,63.099352,950414220381,1788567688001817344
two_jup/comb/runs/20260904_201814_w1_air/cap/frames.bin,102334,7,63.167353,950482220950,1788567688069817856
two_jup/comb/runs/20260904_201814_w1_air/cap/frames.bin,102368,6,63.194943,950509810917,1788567688097407744
two_jup/comb/runs/20260904_201814_w1_air/cap/frames.bin,107351,17,67.194522,954509390327,1788567692096987136
two_jup/comb/runs/20260904_201814_w1_air/cap/frames.bin,110211,1,69.489599,956804466690,1788567694392063488
two_jup/comb/runs/20260904_201814_w1_air/cap/frames.bin,110247,1,69.518503,956833371252,1788567694420968448
two_jup/comb/runs/20260904_201814_w1_air/cap/frames.bin,110364,1,69.612443,956927310762,1788567694514907648
two_jup/comb/runs/20260904_201814_w1_air/cap/frames.bin,128819,7,84.432167,971747035118,1788567709334632192
two_jup/comb/runs/20260904_201814_w1_air/cap/frames.bin,129853,14,85.261435,972576303475,1788567710163900416
two_jup/comb/runs/20260904_201814_w1_air/cap/frames.bin,130529,11,85.804491,973119359453,1788567710706956288
two_jup/comb/runs/20260904_201814_w1_air/cap/frames.bin,190090,3,133.631238,1020946105788,1788567758533702656
two_jup/comb/runs/20260904_201814_w1_air/cap/frames.bin,201057,13,142.434102,1029748970088,1788567767336567040
two_jup/comb/runs/20260904_201814_w1_air/cap/frames.bin,201181,3,142.536489,1029851357388,1788567767438954240
two_jup/comb/runs/20260904_201814_w1_air/cap/frames.bin,201187,13,142.551861,1029866728752,1788567767454325760
two_jup/comb/runs/20260904_201814_w1_air/cap/frames.bin,210902,11,150.339145,1037654012564,1788567775241609472
two_jup/comb/runs/20260904_201814_w1_air/cap/frames.bin,211922,16,151.157731,1038472599365,1788567776060196096
two_jup/comb/runs/20260904_201814_w1_air/cap/frames.bin,212318,5,151.477447,1038792315124,1788567776379911936
two_jup/comb/runs/20260904_201814_w1_air/cap/frames.bin,212872,12,151.920809,1039235677252,1788567776823274240
two_jup/comb/runs/20260904_201814_w1_air/cap/frames.bin,212926,7,151.964951,1039279819272,1788567776867416064
two_jup/comb/runs/20260904_201814_w1_air/cap/frames.bin,213355,11,152.308732,1039623600306,1788567777211197440
two_jup/comb/runs/20260904_201814_w1_air/cap/frames.bin,215728,1,154.212326,1041527194194,1788567779114791168
two_jup/comb/runs/20260904_201814_w1_air/cap/frames.bin,217856,8,155.922370,1043237237793,1788567780824834816
two_jup/comb/runs/20260904_201814_w1_air/cap/frames.bin,218422,3,156.379091,1043693958946,1788567781281555712
two_jup/comb/runs/20260904_201814_w1_air/cap/frames.bin,219452,14,157.203124,1044517991583,1788567782105588480
two_jup/comb/runs/20260904_201814_w1_air/cap/frames.bin,222700,15,159.810982,1047125850103,1788567784713447168
two_jup/comb/runs/20260904_201814_w1_air/cap/frames.bin,232326,6,167.541294,1054856162289,1788567792443759360
two_jup/comb/runs/20260904_201814_w1_air/cap/frames.bin,233893,8,168.798966,1056113833715,1788567793701430784
two_jup/comb/runs/20260904_201814_w1_air/cap/frames.bin,242432,14,175.654736,1062969603844,1788567800557200640
two_jup/comb/runs/20260904_201814_w1_air/cap/frames.bin,242522,5,175.728371,1063043239115,1788567800630836224
two_jup/comb/runs/20260904_201814_w1_air/cap/frames.bin,242650,6,175.830750,1063145617648,1788567800733214720
two_jup/comb/runs/20260904_201814_w1_air/cap/frames.bin,243182,4,176.258700,1063573567796,1788567801161164800
two_jup/comb/runs/20260904_201814_w1_air/cap/frames.bin,248757,13,180.733371,1068048239220,1788567805635836160
two_jup/comb/runs/20260904_201814_w1_air/cap/frames.bin,249167,4,181.064663,1068379530780,1788567805967127552
two_jup/comb/runs/20260904_201814_w1_air/cap/frames.bin,250220,8,181.908711,1069223578819,1788567806811175936
two_jup/comb/runs/20260904_201814_w1_air/cap/frames.bin,250802,3,182.378271,1069693139512,1788567807280736256
two_jup/comb/runs/20260904_201814_w1_air/cap/frames.bin,253268,3,184.358118,1071672985935,1788567809260582912
two_jup/comb/runs/20260904_201814_w1_air/cap/frames.bin,253700,5,184.703701,1072018568887,1788567809606165760
two_jup/comb/runs/20260904_201814_w1_air/cap/frames.bin,253890,7,184.855700,1072170567756,1788567809758164480
two_jup/comb/runs/20260904_201814_w1_air/cap/frames.bin,254804,6,185.589874,1072904741969,1788567810492338944
two_jup/comb/runs/20260904_201814_w1_air/cap/frames.bin,254858,17,185.631605,1072946473495,1788567810534070272
two_jup/comb/runs/20260904_201814_w1_air/cap/frames.bin,259973,7,189.739976,1077054844042,1788567814642440960
two_jup/comb/runs/20260904_201814_w1_air/cap/frames.bin,260015,14,189.772736,1077087604121,1788567814675201024
two_jup/comb/runs/20260904_201814_w1_air/cap/frames.bin,260959,15,190.530654,1077845522258,1788567815433119232
two_jup/comb/runs/20260904_201814_w1_air/cap/frames.bin,261005,3,190.570434,1077885302101,1788567815472899072
two_jup/comb/runs/20260904_201814_w1_air/cap/frames.bin,320615,1,238.429124,1125743992096,1788567863331589120
two_jup/comb/runs/20260904_201814_w1_air/cap/frames.bin,332163,14,247.702108,1135016976378,1788567872604573184
two_jup/comb/runs/20260904_201814_w1_air/cap/frames.bin,332591,3,248.048767,1135363634836,1788567872951231744
two_jup/comb/runs/20260904_201814_w1_air/cap/frames.bin,335667,16,250.515461,1137830329227,1788567875417926144
two_jup/comb/runs/20260904_201814_w1_air/cap/frames.bin,335715,17,250.553918,1137868785775,1788567875456382720
two_jup/comb/runs/20260904_201814_w1_air/cap/frames.bin,335745,4,250.586614,1137901482428,1788567875489079296
two_jup/comb/runs/20260904_201814_w1_air/cap/frames.bin,336736,6,251.375183,1138690051489,1788567876277648384
two_jup/comb/runs/20260904_201814_w1_air/cap/frames.bin,341470,9,255.175551,1142490419128,1788567880078016000
two_jup/comb/runs/20260904_201814_w1_air/cap/frames.bin,345485,11,258.399043,1145713911060,1788567883301507840
two_jup/comb/runs/20260904_201814_w1_air/cap/frames.bin,345965,12,258.784357,1146099225276,1788567883686822400
two_jup/comb/runs/20260904_201814_w1_air/cap/frames.bin,347015,3,259.630278,1146945145970,1788567884532743168
two_jup/comb/runs/20260904_201814_w1_air/cap/frames.bin,351156,7,262.953147,1150268015322,1788567887855612416
two_jup/comb/runs/20260904_201814_w1_air/cap/frames.bin,351678,14,263.371395,1150686263214,1788567888273860096
two_jup/comb/runs/20260904_201814_w1_air/cap/frames.bin,353164,17,264.564343,1151879210800,1788567889466807808
two_jup/comb/runs/20260904_201814_w1_air/cap/frames.bin,353544,6,264.870840,1152185707622,1788567889773304576
two_jup/comb/runs/20260904_201814_w1_air/cap/frames.bin,354102,9,265.318168,1152633036502,1788567890220633344
two_jup/comb/runs/20260904_201814_w1_air/cap/frames.bin,354158,4,265.364541,1152679409148,1788567890267005952
two_jup/comb/runs/20260904_201814_w1_air/cap/frames.bin,364508,5,273.674686,1160989554189,1788567898577150976
two_jup/comb/runs/20260904_201814_w1_air/cap/frames.bin,374242,16,281.488690,1168803557631,1788567906391154688
two_jup/comb/runs/20260904_201814_w1_air/cap/frames.bin,375276,7,282.320040,1169634907927,1788567907222504704
two_jup/comb/runs/20260904_201814_w1_air/cap/frames.bin,375658,10,282.626174,1169941042039,1788567907528638976
two_jup/comb/runs/20260904_201814_w1_air/cap/frames.bin,381784,13,287.545156,1174860023976,1788567912447620864
two_jup/comb/runs/20260904_201814_w1_air/cap/frames.bin,381932,10,287.663811,1174978679285,1788567912566276096
two_jup/comb/runs/20260904_201814_w1_air/cap/frames.bin,382950,17,288.480628,1175795496425,1788567913383093248
two_jup/comb/runs/20260904_201814_w1_air/cap/frames.bin,383288,16,288.752075,1176066942927,1788567913654539776
two_jup/comb/runs/20260904_201814_w1_air/cap/frames.bin,384492,13,289.719493,1177034361058,1788567914621957888
two_jup/comb/runs/20260904_201814_w1_air/cap/frames.bin,384982,4,290.114577,1177429444993,1788567915017041920
two_jup/comb/runs/20260904_201814_w1_air/cap/frames.bin,393065,3,296.605691,1183920559133,1788567921508155904
two_jup/comb/runs/20260904_201814_w1_air/cap/frames.bin,424359,1,321.728351,1209043218825,1788567946630815744
two_jup/comb/runs/20260904_201814_w1_air/cap/frames.bin,424395,1,321.757222,1209072090092,1788567946659686912
two_jup/comb/runs/20260904_201814_w1_air/cap/frames.bin,424440,1,321.793386,1209108254276,1788567946695851264
two_jup/comb/runs/20260904_201814_w1_air/cap/frames.bin,424449,1,321.800614,1209115481956,1788567946703078912
two_jup/comb/runs/20260904_201814_w1_air/cap/frames.bin,424458,1,321.807807,1209122674730,1788567946710271488
two_jup/comb/runs/20260904_201814_w1_air/cap/frames.bin,461704,5,351.716818,1239031686241,1788567976619283200
two_jup/comb/runs/20260904_201814_w1_air/cap/frames.bin,462270,16,352.169557,1239484424525,1788567977072021248
two_jup/comb/runs/20260904_201814_w1_air/cap/frames.bin,463201,14,352.917211,1240232078737,1788567977819675648
two_jup/comb/runs/20260904_201814_w1_air/cap/frames.bin,463623,9,353.256579,1240571447454,1788567978159044352
two_jup/comb/runs/20260904_201814_w1_air/cap/frames.bin,464225,16,353.739287,1241054154864,1788567978641751808
two_jup/comb/runs/20260904_201814_w1_air/cap/frames.bin,465799,11,355.003492,1242318359556,1788567979905956608
two_jup/comb/runs/20260904_201814_w1_air/cap/frames.bin,465873,3,355.065380,1242380248147,1788567979967844864
two_jup/comb/runs/20260904_201814_w1_air/cap/frames.bin,466385,3,355.476673,1242791540890,1788567980379137792
two_jup/comb/runs/20260904_201814_w1_air/cap/frames.bin,467303,14,356.210864,1243525731956,1788567981113328896
two_jup/comb/runs/20260904_201814_w1_air/cap/frames.bin,467335,15,356.239909,1243554776758,1788567981142373632
two_jup/comb/runs/20260904_201814_w1_air/cap/frames.bin,467429,3,356.314743,1243629610978,1788567981217207808
two_jup/comb/runs/20260904_201814_w1_air/cap/frames.bin,468323,5,357.031421,1244346289079,1788567981933885952
two_jup/comb/runs/20260904_201814_w1_air/cap/frames.bin,468913,8,357.504262,1244819130206,1788567982406727168
two_jup/comb/runs/20260904_201814_w1_air/cap/frames.bin,473404,14,361.109509,1248424377447,1788567986011974400
two_jup/comb/runs/20260904_201814_w1_air/cap/frames.bin,474928,11,362.333439,1249648307148,1788567987235904000
two_jup/comb/runs/20260904_201814_w1_air/cap/frames.bin,475907,9,363.119776,1250434644314,1788567988022241280
two_jup/comb/runs/20260904_201814_w1_air/cap/frames.bin,484844,17,370.294620,1257609488413,1788567995197085184
two_jup/comb/runs/20260904_201814_w1_air/cap/frames.bin,487903,15,372.751129,1260065996712,1788567997653593600
two_jup/comb/runs/20260904_201814_w1_air/cap/frames.bin,492940,4,376.797575,1264112442601,1788568001700039424
two_jup/comb/runs/20260904_201814_w1_air/cap/frames.bin,494004,12,377.650043,1264964910950,1788568002552507904
two_jup/comb/runs/20260904_201814_w1_air/cap/frames.bin,495921,16,379.188965,1266503833397,1788568004091430400
two_jup/comb/runs/20260904_201814_w1_air/cap/frames.bin,496047,3,379.293253,1266608120705,1788568004195717632
two_jup/comb/runs/20260904_201814_w1_air/cap/frames.bin,496943,4,380.011869,1267326736742,1788568004914333696
two_jup/comb/runs/20260904_201814_w1_air/cap/frames.bin,504296,12,385.913803,1273228670759,1788568010816267776
two_jup/comb/runs/20260904_201814_w1_air/cap/frames.bin,504578,3,386.143066,1273457933894,1788568011045530624
two_jup/comb/runs/20260904_201814_w1_air/cap/frames.bin,506212,3,387.454866,1274769733741,1788568012357330688
two_jup/comb/runs/20260904_201814_w1_air/cap/frames.bin,506680,15,387.827752,1275142620376,1788568012730217472
two_jup/comb/runs/20260904_201814_w1_air/cap/frames.bin,515512,16,394.919709,1282234576926,1788568019822173952
two_jup/comb/runs/20260904_201814_w1_air/cap/frames.bin,516458,15,395.679341,1282994208580,1788568020581805312
two_jup/comb/runs/20260904_201814_w1_air/cap/frames.bin,517468,14,396.490377,1283805245482,1788568021392842240
two_jup/comb/runs/20260904_201814_w1_air/cap/frames.bin,527743,1,404.739098,1292053966336,1788568029641563136
two_jup/comb/runs/20260904_201814_w1_air/cap/frames.bin,527761,1,404.753553,1292068420872,1788568029656017920
two_jup/comb/runs/20260904_201814_w1_air/cap/frames.bin,527806,1,404.789698,1292104565890,1788568029692162816
two_jup/comb/runs/20260904_201814_w1_air/cap/frames.bin,527842,1,404.818593,1292133461357,1788568029721058304
two_jup/comb/runs/20260904_201814_w1_air/cap/frames.bin,527896,1,404.861956,1292176824066,1788568029764421120
two_jup/comb/runs/20260904_201814_w1_air/cap/frames.bin,590696,4,455.288953,1342603820936,1788568080191417856
two_jup/comb/runs/20260904_201814_w1_air/cap/frames.bin,596361,4,459.837906,1347152773812,1788568084740370688
two_jup/comb/runs/20260904_201814_w1_air/cap/frames.bin,596925,17,460.288118,1347602985716,1788568085190582784
two_jup/comb/runs/20260904_201814_w1_air/cap/frames.bin,597465,6,460.723422,1348038289564,1788568085625886464
two_jup/comb/runs/20260904_201814_w1_air/cap/frames.bin,607059,13,468.425659,1355740526654,1788568093328123392
two_jup/comb/runs/20260904_201814_w1_air/cap/frames.bin,607187,14,468.528350,1355843218151,1788568093430815232
two_jup/comb/runs/20260904_201814_w1_air/cap/frames.bin,608007,11,469.187029,1356501896652,1788568094089493504
two_jup/comb/runs/20260904_201814_w1_air/cap/frames.bin,609078,13,470.046791,1357361659074,1788568094949256192
two_jup/comb/runs/20260904_201814_w1_air/cap/frames.bin,616278,14,475.827858,1363142726070,1788568100730322944
two_jup/comb/runs/20260904_201814_w1_air/cap/frames.bin,619961,12,478.785257,1366100124579,1788568103687721472
two_jup/comb/runs/20260904_201814_w1_air/cap/frames.bin,620003,3,478.821759,1366136627477,1788568103724224512
two_jup/comb/runs/20260904_201814_w1_air/cap/frames.bin,626104,15,483.717460,1371032328395,1788568108619925248
two_jup/comb/runs/20260904_201814_w1_air/cap/frames.bin,627681,7,484.984704,1372299571539,1788568109887168512
two_jup/comb/runs/20260904_201814_w1_air/cap/frames.bin,628099,7,485.320339,1372635206531,1788568110222803456
two_jup/comb/runs/20260904_201814_w1_air/cap/frames.bin,630938,1,487.597307,1374912175042,1788568112499771904
two_jup/comb/runs/20260904_201814_w1_air/cap/frames.bin,637278,14,492.688749,1380003616559,1788568117591213312
two_jup/comb/runs/20260904_201814_w1_air/cap/frames.bin,637804,17,493.110683,1380425550786,1788568118013147648
two_jup/comb/runs/20260904_201814_w1_air/cap/frames.bin,638304,14,493.512562,1380827430408,1788568118415027200
two_jup/comb/runs/20260904_201814_w1_air/cap/frames.bin,640467,12,495.249477,1382564344840,1788568120151941888
two_jup/comb/runs/20260904_201814_w1_air/cap/frames.bin,646510,3,500.104245,1387419113153,1788568125006710272
two_jup/comb/runs/20260904_201814_w1_air/cap/frames.bin,646616,9,500.187156,1387502024274,1788568125089620992
two_jup/comb/runs/20260904_201814_w1_air/cap/frames.bin,646626,16,500.210210,1387525077852,1788568125112674816
two_jup/comb/runs/20260904_201814_w1_air/cap/frames.bin,647148,7,500.614681,1387929548940,1788568125517145856
two_jup/comb/runs/20260904_201814_w1_air/cap/frames.bin,649484,8,502.490104,1389804971612,1788568127392568576
two_jup/comb/runs/20260904_201814_w1_air/cap/frames.bin,649694,7,502.658948,1389973816412,1788568127561413376
two_jup/comb/runs/20260904_201814_w1_air/cap/frames.bin,710015,7,551.092949,1438407817337,1788568175995414272
two_jup/comb/runs/20260904_201814_w1_air/cap/frames.bin,729855,8,567.022995,1454337863074,1788568191925459968
two_jup/comb/runs/20260904_201814_w1_air/cap/frames.bin,729943,17,567.092684,1454407552392,1788568191995149312
two_jup/comb/runs/20260904_201814_w1_air/cap/frames.bin,730369,8,567.435709,1454750576527,1788568192338173440
two_jup/comb/runs/20260904_201814_w1_air/cap/frames.bin,730419,7,567.476085,1454790952620,1788568192378549504
two_jup/comb/runs/20260904_201814_w1_air/cap/frames.bin,733701,1,570.108866,1457423734243,1788568195011331072
two_jup/comb/runs/20260904_201814_w1_air/cap/frames.bin,736136,4,572.066901,1459381769143,1788568196969366016
two_jup/comb/runs/20260904_201814_w1_air/cap/frames.bin,738149,8,573.681747,1460996614803,1788568198584211712
two_jup/comb/runs/20260904_201814_w1_air/cap/frames.bin,740819,11,575.825144,1463140012514,1788568200727609344
two_jup/comb/runs/20260904_201814_w1_air/cap/frames.bin,741333,10,576.237966,1463552833918,1788568201140430848
two_jup/comb/runs/20260904_201814_w1_air/cap/frames.bin,741844,13,576.647946,1463962813668,1788568201550410496
two_jup/comb/runs/20260904_201814_w1_air/cap/frames.bin,760067,15,591.279756,1478594624140,1788568216182221056
two_jup/comb/runs/20260904_201814_w1_air/cap/frames.bin,760675,16,591.767877,1479082745417,1788568216670342400
two_jup/comb/runs/20260904_201814_w1_air/cap/frames.bin,762319,5,593.089621,1480404488573,1788568217992085504
two_jup/comb/runs/20260904_201814_w1_air/cap/frames.bin,766216,13,596.217167,1483532034561,1788568221119631616
two_jup/comb/runs/20260904_201814_w1_air/cap/frames.bin,766422,16,596.382334,1483697201747,1788568221284798720
two_jup/comb/runs/20260904_201814_w1_air/cap/frames.bin,768390,17,597.962456,1485277323899,1788568222864920576
two_jup/comb/runs/20260904_201814_w1_air/cap/frames.bin,769294,10,598.688894,1486003761900,1788568223591358976
two_jup/comb/runs/20260904_201814_w1_air/cap/frames.bin,769338,15,598.723749,1486038617223,1788568223626214144
two_jup/comb/runs/20260904_201814_w1_air/cap/frames.bin,769374,12,598.754146,1486069013935,1788568223656610816
two_jup/comb/runs/20260904_201814_w1_air/cap/frames.bin,769468,15,598.828130,1486142997576,1788568223730594304
two_jup/comb/runs/20260904_201814_w1_air/cap/frames.bin,773097,3,601.745084,1489059951741,1788568226647548672
two_jup/comb/runs/20260904_201814_w1_air/cap/frames.bin,778508,17,606.086603,1493401471164,1788568230989068032
two_jup/comb/runs/20260904_201814_w1_air/cap/frames.bin,779010,12,606.490002,1493804869872,1788568231392466944
two_jup/comb/runs/20260904_201814_w1_air/cap/frames.bin,779094,9,606.557821,1493872689176,1788568231460285952
two_jup/comb/runs/20260904_201814_w1_air/cap/frames.bin,780034,14,607.312628,1494627496510,1788568232215093504
two_jup/comb/runs/20260904_201814_w1_air/cap/frames.bin,781068,5,608.143916,1495458784053,1788568233046380800
two_jup/comb/runs/20260904_201814_w1_air/cap/frames.bin,781108,14,608.174975,1495489842758,1788568233077439744
two_jup/comb/runs/20260904_201814_w1_air/cap/frames.bin,836014,1,652.259173,1539574041353,1788568277161638400
two_jup/comb/runs/20260904_201814_w1_air/cap/frames.bin,857947,9,669.871141,1557186008894,1788568294773605632
two_jup/comb/runs/20260904_201814_w1_air/cap/frames.bin,861661,8,672.854017,1560168884966,1788568297756481792
two_jup/comb/runs/20260904_201814_w1_air/cap/frames.bin,862089,13,673.197047,1560511914936,1788568298099511808
two_jup/comb/runs/20260904_201814_w1_air/cap/frames.bin,862523,12,673.545595,1560860463132,1788568298448059904
two_jup/comb/runs/20260904_201814_w1_air/cap/frames.bin,865080,16,675.598414,1562913282263,1788568300500879104
two_jup/comb/runs/20260904_201814_w1_air/cap/frames.bin,869179,14,678.889795,1566204662551,1788568303792259328
two_jup/comb/runs/20260904_201814_w1_air/cap/frames.bin,870323,7,679.809338,1567124206232,1788568304711803136
two_jup/comb/runs/20260904_201814_w1_air/cap/frames.bin,870333,14,679.830339,1567145206734,1788568304732803584
two_jup/comb/runs/20260904_201814_w1_air/cap/frames.bin,870795,17,680.186611,1567501479227,1788568305089076224
two_jup/comb/runs/20260904_201814_w1_air/cap/frames.bin,871169,12,680.487795,1567802663072,1788568305390259968
two_jup/comb/runs/20260904_201814_w1_air/cap/frames.bin,871859,11,681.041918,1568356786059,1788568305944382976
two_jup/comb/runs/20260904_201814_w1_air/cap/frames.bin,881929,6,689.128378,1576443246146,1788568314030842880
two_jup/comb/runs/20260904_201814_w1_air/cap/frames.bin,888148,12,694.120858,1581435725813,1788568319023322624
two_jup/comb/runs/20260904_201814_w1_air/cap/frames.bin,891237,12,696.600995,1583915863247,1788568321503460352
two_jup/comb/runs/20260904_201814_w1_air/cap/frames.bin,891755,7,697.017685,1584332553345,1788568321920150272
two_jup/comb/runs/20260904_201814_w1_air/cap/frames.bin,892217,11,697.387969,1584702836778,1788568322290433792
two_jup/comb/runs/20260904_201814_w1_air/cap/frames.bin,892773,16,697.834005,1585148873505,1788568322736470528
two_jup/comb/runs/20260904_201814_w1_air/cap/frames.bin,894343,15,699.094662,1586409530492,1788568323997127424
two_jup/comb/runs/20260904_201814_w1_air/cap/frames.bin,895409,6,699.951878,1587266746095,1788568324854343168
two_jup/comb/runs/20260904_201814_w1_air/cap/frames.bin,899554,6,703.280031,1590594899364,1788568328182496256
two_jup/comb/runs/20260904_201814_w1_air/cap/frames.bin,899948,13,703.595238,1590910106175,1788568328497703168
two_jup/comb/runs/20260904_201814_w1_air/cap/frames.bin,899976,2,703.625740,1590940608408,1788568328528205312
two_jup/comb/runs/20260904_201814_w1_air/cap/frames.bin,902611,8,705.734077,1593048945294,1788568330636542208
two_jup/comb/runs/20260904_201814_w1_air/cap/frames.bin,911710,14,713.039225,1600354093382,1788568337941690368
two_jup/comb/runs/20260904_201814_w1_air/cap/frames.bin,911752,5,713.074573,1600389441125,1788568337977038080
two_jup/comb/runs/20260904_201814_w1_air/cap/frames.bin,912130,12,713.376620,1600691487664,1788568338279084544
two_jup/comb/runs/20260904_201814_w1_air/cap/frames.bin,913206,9,714.240948,1601555815864,1788568339143412736
