ts,iter,mode,class,locks,caps,rssi,temp148,temp146,cfo_hz,capfile
2026-07-07T03:47:11-04:00,1,reboot,VARYING,0/5,"0xE3B6A434;0x8352F4AC;0xD070A588;0xFA544A2;0x8C039D76;",24.996,57000,60000,-5430,fail_1_034709.iq
2026-07-07T03:47:28-04:00,2,rearm,VARYING,0/5,"0xD68900E4;0xE7588500;0xD8C5749C;0x535D74D0;0xA3F84E90;",25.59,57000,57000,-5496,fail_2_034726.iq
2026-07-07T03:47:46-04:00,3,rearm,VARYING,0/5,"0x11569A5C;0xA799474A;0xFCF3099A;0x112D1E;0xF888F9CA;",25.107,56000,59000,-5511,fail_3_034744.iq
2026-07-07T03:48:03-04:00,4,rearm,VARYING,0/5,"0x208D2158;0xA6954E34;0xE385565E;0x9DDC8A70;0x8DCDA57C;",25.286,57000,59000,-5511,fail_4_034801.iq
2026-07-07T03:48:20-04:00,5,rearm,VARYING,0/5,"0x73544A4;0xE2E2BF80;0x483F9EF0;0xC79BD462;0x96AEA1F6;",25.343,55000,57000,-5511,fail_5_034818.iq
2026-07-07T03:48:37-04:00,6,rearm,VARYING,0/5,"0x135431D6;0xFF90C398;0x280E28CE;0x852B6FE4;0xD88B0EFA;",24.983,56000,58000,-5511,fail_6_034835.iq
2026-07-07T03:53:52-04:00,1,reboot,VARYING,0/5,"0x8DF9FC2;0x2EB463A6;0x9EE92C3C;0x76F39C62;0x19E1F182;",25.331,58000,59000,-5401,fail_1_035350.iq
2026-07-07T03:54:09-04:00,2,rearm,VARYING,0/5,"0xC5A9548E;0xC456488A;0x6D1A9630;0x9DEADE44;0xB2751DAC;",25.159,57000,59000,-5482,fail_2_035407.iq
2026-07-07T03:54:27-04:00,3,rearm,VARYING,0/5,"0x613507C2;0xC977AACC;0x270FCB4A;0xA78BE86;0x457A68C0;",25.55,56000,59000,-5504,fail_3_035425.iq
2026-07-07T03:54:44-04:00,4,rearm,VARYING,0/5,"0x5AF1CB2C;0xE60C593E;0x3834090A;0x0;0xACE2327A;",25.479,56000,60000,-5504,fail_4_035442.iq
2026-07-07T03:55:01-04:00,5,rearm,VARYING,0/5,"0xD5155A2A;0x5E743B78;0xDF505178;0xE0CB0792;0x4B763AE;",25.326,56000,58000,-5504,fail_5_035459.iq
2026-07-07T03:55:18-04:00,6,rearm,VARYING,0/5,"0x657D4D26;0x2B838024;0xD365E23C;0x9990D032;0x360F48A2;",25.84,54000,59000,-5504,fail_6_035516.iq
2026-07-07T03:55:35-04:00,7,rearm,VARYING,0/5,"0x3147B512;0x5ACC4B90;0x92345D18;0x58A295A6;0xB39DF12;",25.217,54000,57000,-5504,fail_7_035533.iq
2026-07-07T03:55:52-04:00,8,rearm,VARYING,0/5,"0xE4234392;0x5BC79E12;0x6DAE0248;0xF80D228E;0xC1010644;",25.490,56000,59000,-5504,fail_8_035550.iq
2026-07-07T03:56:10-04:00,9,rearm,VARYING,0/5,"0xA008E324;0x4A9344FE;0x207E3E5C;0x1DAEBE9A;0x451FF70C;",25.292,56000,57000,-5511,fail_9_035608.iq
2026-07-07T03:56:27-04:00,10,rearm,VARYING,0/5,"0x57DA2C50;0xF869745E;0x21400E14;0x50635DF4;0xA1D61FDE;",25.101,55000,59000,-5511,fail_10_035625.iq
2026-07-07T03:58:15-04:00,11,reboot,VARYING,0/5,"0xE7096B02;0x3B32A7A0;0xD4AD8FA2;0xC78DDD4A;0x3D150918;",25.427,57000,65000,-5387,fail_11_035813.iq
2026-07-07T03:58:32-04:00,12,rearm,VARYING,0/5,"0x2EB9B392;0x1DA8F450;0x1E0CE918;0x21B1800;0x9428C7F2;",25.300,55000,65000,-5452,fail_12_035830.iq
2026-07-07T03:58:49-04:00,13,rearm,VARYING,0/5,"0xE8167CC;0x12C7C980;0x1E337D7C;0xBC573804;0xD1E54914;",25.436,57000,68000,-5467,fail_13_035847.iq
2026-07-07T03:59:06-04:00,14,rearm,VARYING,0/5,"0xD20557D8;0xD20557D8;0xD20557D8;0x1B2B0402;0xDC6C9DA0;",25.290,57000,66000,-5467,fail_14_035904.iq
2026-07-07T03:59:23-04:00,15,rearm,VARYING,0/5,"0xBF7CF5A0;0x3B278660;0x33469A56;0xE7864A50;0x552898F6;",25.540,57000,66000,-5467,fail_15_035921.iq
2026-07-07T03:59:40-04:00,16,rearm,VARYING,0/5,"0x5B4AC5D6;0xA00462AE;0xC6AD14B2;0x1E32CFC8;0x6A6325E;",25.546,56000,66000,-5467,fail_16_035938.iq
2026-07-07T03:59:58-04:00,17,rearm,VARYING,0/5,"0xFA509992;0xCC7D650;0x51600FA0;0x64FB2132;0xD8B5D9D0;",25.547,55000,66000,-5467,fail_17_035956.iq
2026-07-07T04:00:15-04:00,18,rearm,VARYING,0/5,"0xEE68CEB8;0xBB61BAC4;0x72FD85C;0x13046242;0x62224796;",25.372,56000,66000,-5467,fail_18_040013.iq
2026-07-07T04:00:32-04:00,19,rearm,VARYING,0/5,"0x46494452;0x23D40E74;0xEA48BF40;0x4965F004;0x9AE94974;",25.235,55000,67000,-5467,fail_19_040030.iq
2026-07-07T04:00:49-04:00,20,rearm,VARYING,0/5,"0xABC0B00E;0x2385C37C;0xE88AB3D4;0xDCB6B2EA;0xEF83E9E8;",25.399,56000,68000,-5467,fail_20_040047.iq
2026-07-07T04:02:38-04:00,21,reboot,VARYING,0/5,"0x3132B1A;0x53C4FD2C;0xC285A6FC;0xFA5C3D06;0x4058096A;",24.957,58000,60000,-5452,fail_21_040236.iq
2026-07-07T04:02:55-04:00,22,rearm,VARYING,0/5,"0xA6540A6E;0x1EA507BE;0x50EE3518;0x1C271B12;0xDE3FA178;",25.203,57000,60000,-5526,fail_22_040253.iq
2026-07-07T04:03:12-04:00,23,rearm,VARYING,0/5,"0xF8494DD2;0x5144A356;0xC4064790;0x982E3A8C;0x43FE7C74;",25.181,56000,60000,-5540,fail_23_040310.iq
2026-07-07T04:03:29-04:00,24,rearm,VARYING,0/5,"0xD29C639C;0x1B59CADA;0xC88DCBE8;0xB2ED1066;0x13F175C8;",25.18,57000,60000,-5548,fail_24_040327.iq
2026-07-07T04:03:47-04:00,25,rearm,VARYING,0/5,"0xF84D6AA4;0xD383631E;0xDD7F1EB8;0x9E1BD584;0xB3CB232;",25.296,56000,59000,-5540,fail_25_040345.iq
2026-07-07T04:04:04-04:00,26,rearm,VARYING,0/5,"0x1E2F167C;0x7F0EE612;0x14F366A0;0x5F453ECE;0x5A05D2F8;",24.926,56000,60000,-5533,fail_26_040402.iq
2026-07-07T04:04:21-04:00,27,rearm,VARYING,0/5,"0x6BA8ACE0;0x50457D78;0xF20BAB5E;0x86001762;0x80181D22;",25.115,56000,60000,-5533,fail_27_040419.iq
2026-07-07T04:04:38-04:00,28,rearm,VARYING,0/5,"0xFE3A8100;0x4446E332;0xB8A59616;0x523BC72E;0x93E743DC;",25.272,56000,58000,-5526,fail_28_040436.iq
2026-07-07T04:04:55-04:00,29,rearm,VARYING,0/5,"0x2B918082;0x2B918082;0x3FBF6D6;0x91D6ACC8;0x391F7FD2;",25.293,55000,59000,-5518,fail_29_040453.iq
2026-07-07T04:05:12-04:00,30,rearm,VARYING,0/5,"0x68447130;0x11CB1518;0x9C04B166;0xCD71AC18;0xF1903B2C;",25.167,55000,58000,-5511,fail_30_040510.iq
2026-07-07T04:06:55-04:00,31,reboot,VARYING,0/5,"0x55AEF800;0x1DCC583E;0x83335A2;0xDC4E853A;0x2F70DD22;",25.251,59000,59000,-5416,fail_31_040653.iq
2026-07-07T04:07:12-04:00,32,rearm,VARYING,0/5,"0x70237E92;0xBD0CF62;0x8EC938B0;0xEFDB069C;0x2BD5D79A;",25.108,57000,60000,-5496,fail_32_040710.iq
2026-07-07T04:07:29-04:00,33,rearm,VARYING,0/5,"0x8F3897A4;0x2C65747C;0x828035C6;0x376314E4;0x6848F518;",25.262,57000,59000,-5518,fail_33_040727.iq
2026-07-07T04:07:46-04:00,34,rearm,VARYING,0/5,"0xA22A29E8;0x49E67724;0x45D219F0;0x305D2E22;0xEFC0888E;",25.267,56000,60000,-5526,fail_34_040744.iq
2026-07-07T04:08:04-04:00,35,rearm,VARYING,0/5,"0xE36516EA;0x4BA050A4;0x9794BB24;0xD945A89C;0x2D0F5B3A;",25.05,55000,58000,-5526,fail_35_040802.iq
2026-07-07T04:08:21-04:00,36,rearm,VARYING,0/5,"0xAE8B82DA;0xF12F964C;0x5AE6493C;0x4A3C4848;0xDB900D2A;",25.299,56000,60000,-5518,fail_36_040819.iq
2026-07-07T04:08:38-04:00,37,rearm,VARYING,0/5,"0x54396520;0x17825FE;0xE300D944;0x33149160;0x7AC83E92;",25.12,56000,57000,-5511,fail_37_040836.iq
2026-07-07T04:08:55-04:00,38,rearm,VARYING,0/5,"0xF65B566A;0x8B18354E;0x9FEC999A;0x4EFE2628;0x3B57EB50;",25.288,57000,58000,-5511,fail_38_040853.iq
2026-07-07T04:09:12-04:00,39,rearm,VARYING,0/5,"0x11E66450;0x6118F9D6;0x6118F9D6;0xB70B852C;0x768F5BC4;",25.357,55000,59000,-5504,fail_39_040910.iq
2026-07-07T04:09:29-04:00,40,rearm,VARYING,0/5,"0x7FB4AC96;0xD1117298;0xC1F2ED1A;0xE28C563E;0x7E9979E8;",24.972,54000,57000,-5504,fail_40_040927.iq
2026-07-07T04:11:14-04:00,41,reboot,VARYING,0/5,"0x7F27CAF0;0x644091BC;0x33511C02;0x952D7B86;0x966EA7C2;",25.164,57000,58000,-5430,fail_41_041112.iq
2026-07-07T04:11:32-04:00,42,rearm,VARYING,0/5,"0xEAAC8C8A;0x9D818BA0;0x29E;0x977C410E;0xF0BB2C26;",25.349,57000,59000,-5504,fail_42_041130.iq
2026-07-07T04:11:49-04:00,43,rearm,VARYING,0/5,"0x8316D072;0xC8AD25AC;0x7F0E43FA;0x7D6F8456;0x748C32D6;",25.284,57000,57000,-5526,fail_43_041147.iq
2026-07-07T04:12:06-04:00,44,rearm,VARYING,0/5,"0xFBB01206;0xB8FE9722;0xECDD1956;0x61616510;0xFFD5A996;",25.284,56000,60000,-5526,fail_44_041204.iq
2026-07-07T04:12:23-04:00,45,rearm,VARYING,0/5,"0x2826C458;0xED55BB66;0x8BA7FF48;0x36F4408E;0x1D0FAF60;",25.56,55000,59000,-5518,fail_45_041221.iq
2026-07-07T04:12:40-04:00,46,rearm,VARYING,0/5,"0x9F52BCB2;0x6016C300;0xBF0F48C4;0x4D4370FA;0xF2663B92;",25.257,55000,57000,-5511,fail_46_041238.iq
2026-07-07T04:12:57-04:00,47,rearm,VARYING,0/5,"0xC907142E;0xD9B00FAA;0x3872519C;0x6461E86;0xDDB33B90;",25.105,56000,58000,-5511,fail_47_041255.iq
2026-07-07T04:13:14-04:00,48,rearm,VARYING,0/5,"0xA570E0BC;0x1932E1AE;0x559FB400;0x95EE278E;0x2824ED4C;",25.136,55000,59000,-5511,fail_48_041312.iq
2026-07-07T04:13:32-04:00,49,rearm,VARYING,0/5,"0xB0349C7A;0x6F90B60E;0x31506B90;0x30DBEBD8;0xB4F0B608;",25.145,54000,58000,-5511,fail_49_041330.iq
2026-07-07T04:13:49-04:00,50,rearm,VARYING,0/5,"0x7E009160;0x169605CA;0xAE66A650;0xFCBDC06E;0xD0E08304;",25.19,54000,59000,-5511,fail_50_041347.iq
2026-07-07T04:15:41-04:00,51,reboot,VARYING,0/5,"0x91FE7C72;0xBAA65110;0x7E0FF5F0;0x8489C584;0xA69C2B92;",25.170,57000,59000,-5445,fail_51_041539.iq
2026-07-07T04:15:58-04:00,52,rearm,VARYING,0/5,"0x2238F48C;0x69D4D91A;0x44C4CBD8;0x90710908;0xD4C72CE4;",24.957,57000,59000,-5511,fail_52_041556.iq
2026-07-07T04:16:15-04:00,53,rearm,VARYING,0/5,"0xCEE1226;0x8BCC31E0;0x9D961FBA;0xFF2926E2;0x4EBF639A;",25.318,57000,59000,-5526,fail_53_041613.iq
2026-07-07T04:16:32-04:00,54,rearm,VARYING,0/5,"0x14CFCFFC;0xCCA3CCB0;0xC2C0C08;0x5A5F961A;0x8AB8BB3A;",25.227,56000,59000,-5518,fail_54_041630.iq
2026-07-07T04:16:50-04:00,55,rearm,VARYING,0/5,"0x6FF428A2;0xA4D664E;0x3ABA8A0E;0xF40923B0;0xF1141840;",25.282,56000,57000,-5518,fail_55_041648.iq
2026-07-07T04:17:07-04:00,56,rearm,VARYING,0/5,"0x670E94F4;0x305300AE;0x58858A82;0x5D62AAF8;0x5D62AAF8;",25.347,57000,59000,-5511,fail_56_041705.iq
2026-07-07T04:17:24-04:00,57,rearm,VARYING,0/5,"0x6CF5CEC4;0x894C524C;0x61B541E6;0xEE8C6;0x8FD2B244;",25.12,54000,59000,-5504,fail_57_041722.iq
2026-07-07T04:17:41-04:00,58,rearm,VARYING,0/5,"0xD8933C86;0x38E0B460;0x782096DE;0x6C28798E;0xE70045BC;",24.941,54000,59000,-5504,fail_58_041739.iq
2026-07-07T04:17:58-04:00,59,rearm,VARYING,0/5,"0x1D6F1F82;0x18CD420A;0x1E40CBE2;0x350A63B8;0x59F15880;",25.181,56000,58000,-5496,fail_59_041756.iq
2026-07-07T04:18:16-04:00,60,rearm,VARYING,0/5,"0x23D6C1EA;0xC4E88000;0xC82344B2;0xA6389CB6;0x40A317A2;",25.191,56000,60000,-5496,fail_60_041814.iq
2026-07-07T04:20:01-04:00,61,reboot,VARYING,0/5,"0xC743C304;0x2F948C30;0x9640636C;0x88D2D4C4;0x6AA284E4;",24.971,57000,59000,-5409,fail_61_041959.iq
2026-07-07T04:20:18-04:00,62,rearm,VARYING,0/5,"0x1F8B512E;0x96C5F696;0x51C5B9E2;0x59533880;0xFB47BD6;",25.223,57000,58000,-5489,fail_62_042016.iq
2026-07-07T04:20:35-04:00,63,rearm,VARYING,0/5,"0x30A6270E;0x9B649B6A;0xF5079286;0x51A38456;0xF2B6E57C;",25.51,57000,59000,-5511,fail_63_042033.iq
2026-07-07T04:20:52-04:00,64,rearm,VARYING,0/5,"0x63C57322;0xE21D6C3A;0x2B1AA9BE;0x24293940;0x14B5B7A6;",25.157,57000,59000,-5518,fail_64_042050.iq
2026-07-07T04:21:09-04:00,65,rearm,VARYING,0/5,"0x3C09E74E;0x16;0x5D37A8A8;0x46B05AC0;0x68C8ED66;",25.82,56000,58000,-5518,fail_65_042107.iq
2026-07-07T04:21:26-04:00,66,rearm,VARYING,0/5,"0xB6C57E0C;0x828F585C;0xDBAA4FA8;0x4919C22A;0x49DF5F98;",25.203,56000,58000,-5518,fail_66_042124.iq
2026-07-07T04:21:44-04:00,67,rearm,VARYING,0/5,"0x2C463A7E;0x9ABB478A;0x13E83B3E;0xAFB57388;0x20069E54;",25.85,57000,58000,-5511,fail_67_042142.iq
2026-07-07T04:22:01-04:00,68,rearm,VARYING,0/5,"0x4D81DD32;0x5641F4A8;0x33F43EFA;0x9393B020;0x42B2F342;",25.100,56000,57000,-5504,fail_68_042159.iq
2026-07-07T04:22:18-04:00,69,rearm,VARYING,0/5,"0x4751767A;0x76370BBE;0x40452F84;0x433B1466;0xE7606784;",25.438,55000,58000,-5504,fail_69_042216.iq
2026-07-07T04:22:35-04:00,70,rearm,VARYING,0/5,"0x65097AA2;0x45AE40E8;0xCE5EE2;0xE17B5CE6;0xAE570410;",25.139,54000,57000,-5504,fail_70_042233.iq
2026-07-07T04:24:25-04:00,71,reboot,VARYING,0/5,"0xE8069D50;0xDD990518;0x852FFCE0;0x6EBD7B2C;0x84872B2;",25.259,57000,59000,-5438,fail_71_042423.iq
2026-07-07T04:24:43-04:00,72,rearm,VARYING,0/5,"0x62E5B8A6;0x1DEC8CE0;0xAA465FE2;0x81978C26;0x4BF089D2;",25.229,57000,57000,-5504,fail_72_042441.iq
2026-07-07T04:25:00-04:00,73,rearm,VARYING,0/5,"0x2B74497E;0x3A321F88;0xB5FB6632;0x42436110;0x7EB01F46;",25.166,57000,57000,-5518,fail_73_042458.iq
2026-07-07T04:25:17-04:00,74,rearm,VARYING,0/5,"0x93DB63B4;0x8D6F9F58;0x85085680;0x1E3934EC;0xD7CB3FDA;",25.91,55000,57000,-5518,fail_74_042515.iq
2026-07-07T04:25:34-04:00,75,rearm,VARYING,0/5,"0xA054A0E;0x777112DC;0x1F73449C;0xCE6E698A;0x5830B36E;",25.289,56000,59000,-5511,fail_75_042532.iq
2026-07-07T04:25:51-04:00,76,rearm,VARYING,0/5,"0x9E3E391E;0x279E196C;0xD628977E;0x92E7C6B2;0xF752B12A;",25.100,55000,57000,-5511,fail_76_042549.iq
2026-07-07T04:26:08-04:00,77,rearm,VARYING,0/5,"0x6C6CA33E;0x3831352C;0xEE9D8C58;0xF529FE94;0x52A672B4;",25.160,56000,60000,-5511,fail_77_042606.iq
2026-07-07T04:26:26-04:00,78,rearm,VARYING,0/5,"0x9A6EEB9C;0x6F645208;0x8C022CA2;0x3FD5F722;0xBF13673E;",25.218,56000,58000,-5504,fail_78_042624.iq
2026-07-07T04:26:43-04:00,79,rearm,VARYING,0/5,"0xCB6E9C0A;0xAF77926E;0xEB391626;0xCA515D36;0xEB57CA82;",25.138,56000,59000,-5504,fail_79_042641.iq
2026-07-07T04:27:00-04:00,80,rearm,VARYING,0/5,"0x76F0CF18;0xCC47B070;0xAB446118;0x3D8116D8;0x386F002A;",25.239,56000,57000,-5496,fail_80_042658.iq
2026-07-07T04:28:50-04:00,81,reboot,VARYING,0/5,"0x54D1D7C0;0xF1D11234;0xA95B6C0;0x48A1987A;0x7E6F2CEC;",24.984,57000,57000,-5430,fail_81_042848.iq
2026-07-07T04:29:07-04:00,82,rearm,VARYING,0/5,"0x9D6E1A32;0xCF2266DC;0x177A46FC;0xF1C09F04;0x78364422;",24.976,57000,59000,-5496,fail_82_042905.iq
2026-07-07T04:29:25-04:00,83,rearm,VARYING,0/5,"0x5189B4B4;0xD8DDCB74;0xF0A779C0;0xF5DA2124;0xD62028BA;",25.131,57000,59000,-5511,fail_83_042923.iq
2026-07-07T04:29:42-04:00,84,rearm,VARYING,0/5,"0x3A91714;0x65A7A230;0x1EE7F430;0x3EB26E8C;0xC1DFD500;",25.173,54000,59000,-5518,fail_84_042940.iq
2026-07-07T04:29:59-04:00,85,rearm,VARYING,0/5,"0x2CCB3292;0xFD1D3F1C;0xD9D41FA;0x45FCDA06;0x45FCDA06;",24.888,57000,58000,-5511,fail_85_042957.iq
2026-07-07T04:30:16-04:00,86,rearm,VARYING,0/5,"0xBB697F34;0xBB697F34;0xE643A2F0;0xD83FBB5E;0x1492A9BE;",24.951,56000,58000,-5511,fail_86_043014.iq
2026-07-07T04:30:33-04:00,87,rearm,VARYING,0/5,"0x21DA101A;0x21DA101A;0x348BA072;0xD363061E;0xECE33A94;",25.420,56000,58000,-5511,fail_87_043031.iq
2026-07-07T04:30:50-04:00,88,rearm,VARYING,0/5,"0x7094C06C;0xEEBB4B32;0xCB3D467C;0x9E5510B2;0xC7BEC6C0;",25.145,55000,57000,-5504,fail_88_043048.iq
2026-07-07T04:31:08-04:00,89,rearm,VARYING,0/5,"0xAEA16E8C;0x7734554A;0x7EBC1B20;0x2372A9BC;0x7FF185CC;",25.169,56000,57000,-5504,fail_89_043106.iq
2026-07-07T04:31:25-04:00,90,rearm,VARYING,0/5,"0x9831C1BA;0xA6364BBE;0xFE25D16C;0x6A3B8748;0xBAD5264C;",25.122,56000,59000,-5496,fail_90_043123.iq
2026-07-07T04:33:15-04:00,91,reboot,VARYING,0/5,"0xC6E74DC8;0x7A474754;0x69F0387A;0xE42979C0;0x77AA618A;",25.153,57000,57000,-5423,fail_91_043313.iq
2026-07-07T04:33:32-04:00,92,rearm,VARYING,0/5,"0x94130A84;0x291FB344;0x5CEB7900;0x51920778;0xB40EBA92;",24.944,57000,58000,-5489,fail_92_043330.iq
2026-07-07T04:33:49-04:00,93,rearm,VARYING,0/5,"0xD39D736A;0xED764FA4;0xCBA18126;0xEB0C79CE;0x12685762;",24.957,57000,57000,-5504,fail_93_043347.iq
2026-07-07T04:34:06-04:00,94,rearm,VARYING,0/5,"0x967FFA34;0x4C98D172;0xC3981158;0xE16ED9D2;0x1B27EFCE;",24.980,57000,59000,-5504,fail_94_043404.iq
2026-07-07T04:34:22-04:00,95,rearm,VARYING,0/5,"0x1CBBAC4C;0xACF8FB84;0xC7B4C7B0;0x71E572C8;0x502946F4;",25.138,57000,59000,,
2026-07-07T04:34:37-04:00,96,rearm,VARYING,0/5,"0xD58BCB7A;0xC83C6830;0xE4987BB8;0xB1F95D5E;0xD1AA6FDE;",25.139,56000,57000,,
2026-07-07T04:34:52-04:00,97,rearm,VARYING,0/5,"0xF9601A0C;0x4221AC08;0x2CC71604;0x2BD07B60;0x1923F38C;",24.878,56000,57000,,
2026-07-07T04:35:07-04:00,98,rearm,VARYING,0/5,"0x29877AC;0xBA9EC48;0x3E89D59E;0xF22F9790;0x23871640;",24.981,54000,57000,,
2026-07-07T04:35:22-04:00,99,rearm,VARYING,0/5,"0x3B13BB10;0xF2D083A8;0x8319FC2E;0x862AF6CC;0x6D400C00;",25.162,55000,57000,,
2026-07-07T04:35:37-04:00,100,rearm,VARYING,0/5,"0x39C4C30A;0x4CA341A;0x15114734;0x56EEACB2;0xE18774C6;",25.185,55000,57000,,
2026-07-07T04:37:24-04:00,101,reboot,VARYING,0/5,"0xE780AD84;0x5DF38BCA;0x66D80600;0x50DCE53C;0x3ADAEC92;",25.131,59000,57000,,
2026-07-07T04:37:39-04:00,102,rearm,VARYING,0/5,"0xE3FC;0x2FC0B536;0xBD96E04;0x9E102602;0xA0DAD930;",25.138,57000,57000,,
2026-07-07T04:37:54-04:00,103,rearm,VARYING,0/5,"0xCE2BF5F2;0x181DCC6A;0x27DCBA8A;0xFFC3047E;0xB28EB5A6;",25.13,57000,58000,,
2026-07-07T04:38:10-04:00,104,rearm,VARYING,0/5,"0x82FAC3A2;0xA0BD772A;0x7CB91892;0xD201B408;0xFA3F0BE6;",25.175,57000,58000,,
2026-07-07T04:38:25-04:00,105,rearm,VARYING,0/5,"0xA7D39918;0xA7D39918;0x24A3F276;0x3380902A;0xAB1A52CC;",25.331,55000,57000,,
2026-07-07T04:38:40-04:00,106,rearm,VARYING,0/5,"0x669D8122;0x44B465CC;0xA65219C8;0xA26651B6;0x396EA520;",25.168,56000,59000,,
2026-07-07T04:38:55-04:00,107,rearm,VARYING,0/5,"0xA725EAB4;0x61B062EA;0x61B062EA;0x195AEB5A;0xAF58FB92;",25.298,57000,58000,,
2026-07-07T04:39:10-04:00,108,rearm,VARYING,0/5,"0xD2A0D26;0xB34CD37E;0x516E8D32;0x91824F8E;0x8FCE199A;",25.424,56000,58000,,
2026-07-07T04:39:25-04:00,109,rearm,VARYING,0/5,"0x205E5664;0x57D26754;0x4908C1F2;0x39C4AFB2;0x740F0476;",24.909,54000,57000,,
2026-07-07T04:39:40-04:00,110,rearm,VARYING,0/5,"0xBB85E2A2;0x0;0xD40957EE;0x7A7D6C52;0x3A3F9F66;",25.358,56000,58000,,
2026-07-07T04:41:28-04:00,111,reboot,VARYING,0/5,"0xF3B2D890;0x8E7AB26A;0x286CED18;0x44F6E0AE;0x81D98228;",25.225,59000,58000,,
2026-07-07T04:41:44-04:00,112,rearm,VARYING,0/5,"0x158011F0;0x65388E2E;0xEB175AC6;0x5338B4A8;0x36B5714;",25.281,57000,60000,,
2026-07-07T04:41:59-04:00,113,rearm,VARYING,0/5,"0x9BD4F008;0x41592FF0;0xC12901D8;0xB3A7438E;0xB3A7438E;",24.936,57000,58000,,
2026-07-07T04:42:14-04:00,114,rearm,VARYING,0/5,"0xAC08264;0x17D85200;0x1A02DC02;0xA97F3910;0x6C4307AA;",25.311,57000,58000,,
2026-07-07T04:42:29-04:00,115,rearm,VARYING,0/5,"0x7A922718;0xD4AFB194;0x5C2F1C2;0xA6D72566;0x439807BA;",25.383,55000,58000,,
2026-07-07T04:42:44-04:00,116,rearm,VARYING,0/5,"0x248008A2;0xCC8DB7B2;0xA0400880;0x8F198756;0xA4065938;",25.293,54000,60000,,
2026-07-07T04:42:59-04:00,117,rearm,VARYING,0/5,"0xE5C6C12A;0x96BC76B2;0x686E4C14;0xF1A9C5D8;0x6A81140C;",25.163,56000,59000,,
2026-07-07T04:43:14-04:00,118,rearm,VARYING,0/5,"0xA3447440;0x81A9EB10;0x9D7DBD7C;0xE5158220;0x28A673D6;",25.151,55000,59000,,
2026-07-07T04:43:29-04:00,119,rearm,VARYING,0/5,"0x31E2BF4E;0xB27FEA3C;0xE5542684;0x817DC794;0xABD40E80;",25.408,54000,60000,,
2026-07-07T04:43:45-04:00,120,rearm,VARYING,0/5,"0x65903660;0xB4DF7BF2;0x33D5BEDC;0x397A3F28;0xAD18D630;",25.256,56000,59000,,
2026-07-07T04:45:33-04:00,121,reboot,VARYING,0/5,"0xA19BAA5C;0xC434DA4;0x5A1C5C2E;0x54CE1FAE;0xD01DC81C;",25.283,58000,60000,,
2026-07-07T04:45:48-04:00,122,rearm,VARYING,0/5,"0xB38C8E4;0xE293DA4A;0x15679D86;0x97C61CE6;0x1A15506C;",25.137,57000,59000,,
2026-07-07T04:46:03-04:00,123,rearm,VARYING,0/5,"0x4ACA7E26;0x7AB89B9C;0x7AB89B9C;0xD7B7CAF8;0x6C71B252;",25.181,57000,58000,,
2026-07-07T04:46:18-04:00,124,rearm,VARYING,0/5,"0x851093A4;0x3C111BF8;0xF12EED32;0xF12EED32;0x1F6D3BC;",25.119,57000,57000,,
2026-07-07T04:46:33-04:00,125,rearm,VARYING,0/5,"0x745105E;0x2E48A59E;0xE8E22AC6;0x5E0ECA4;0x3CF3574;",24.983,55000,58000,,
2026-07-07T04:46:48-04:00,126,rearm,VARYING,0/5,"0x82FDB560;0xB3EE976E;0x72BD113E;0x23E4528;0x23E4528;",25.10,54000,57000,,
2026-07-07T04:47:03-04:00,127,rearm,VARYING,0/5,"0xBB68600C;0x59E8AD00;0xB3E8062E;0xE275E896;0x3EF4B118;",25.346,55000,57000,,
2026-07-07T04:47:19-04:00,128,rearm,VARYING,0/5,"0x390B17F8;0xC0B6549A;0x5491577A;0x6B014B4C;0xB22F76CE;",25.15,56000,57000,,
2026-07-07T04:47:34-04:00,129,rearm,VARYING,0/5,"0xE0AEB3DC;0xA941E998;0xE99F75F0;0x2C356D24;0x85F49A2A;",25.335,56000,58000,,
2026-07-07T04:47:49-04:00,130,rearm,VARYING,0/5,"0x3772E564;0xC34B3B20;0x165B58B6;0x25BD1B18;0xF795056A;",24.975,56000,58000,,
2026-07-07T04:49:45-04:00,131,reboot,VARYING,0/5,"0x81A6A788;0x1D1CE89E;0x3E582914;0xD92F3D94;0x7113F166;",24.967,58000,59000,,
2026-07-07T04:50:00-04:00,132,rearm,VARYING,0/5,"0x25F28B2A;0x8C750F06;0xA05B5470;0x42DB88CE;0x4E5C1734;",25.305,58000,60000,,
2026-07-07T04:50:15-04:00,133,rearm,VARYING,0/5,"0xF4BA5710;0x383BB640;0x59EFE8EC;0x2B4E86A2;0x3D510C72;",24.979,56000,58000,,
2026-07-07T04:50:31-04:00,134,rearm,VARYING,0/5,"0x5BBD1F08;0x79DC0D32;0x9FD25A10;0x2D8F2188;0x78D45734;",25.121,57000,57000,,
2026-07-07T04:50:46-04:00,135,rearm,VARYING,0/5,"0x21893FD2;0x6E4017C0;0x8120967A;0xB9D1C92;0x1F818F8A;",25.211,57000,59000,,
2026-07-07T04:51:01-04:00,136,rearm,VARYING,0/5,"0x5D965E7A;0x34AFACE0;0x204BCB14;0x751786C;0x3B68B860;",25.285,56000,60000,,
2026-07-07T04:51:16-04:00,137,rearm,VARYING,0/5,"0x3B4CC630;0xD3003D4;0x455A1CE8;0x701A6636;0xA204D5A4;",25.258,55000,59000,,
2026-07-07T04:51:31-04:00,138,rearm,VARYING,0/5,"0x53AAF4E;0xB59EA3BE;0x9F21416;0x2657162;0xF085350C;",25.197,57000,60000,,
2026-07-07T04:51:46-04:00,139,rearm,VARYING,0/5,"0x2E56F82;0xEF9E21E8;0xB17F6504;0x72C768E0;0xE9151FA;",25.313,55000,59000,,
2026-07-07T04:52:01-04:00,140,rearm,VARYING,0/5,"0x15A59FE;0x140E4CB2;0xBBF8B038;0x867D9A1E;0x2B8EF17A;",25.262,56000,59000,,
2026-07-07T04:53:46-04:00,141,reboot,VARYING,0/5,"0xE9BF298;0x580901E0;0x1FCB1C0C;0xBB1EAA90;0x602F15B2;",25.308,57000,58000,,
2026-07-07T04:54:01-04:00,142,rearm,VARYING,0/5,"0x28BBD04A;0x1B191222;0xACF58CE0;0xFA63CBF4;0xECAB374C;",25.224,59000,60000,,
2026-07-07T04:54:16-04:00,143,rearm,VARYING,0/5,"0xC8C7BEE2;0x422E4944;0xA68A11B0;0xB5A03B42;0x15AAAB54;",25.229,57000,57000,,
2026-07-07T04:54:32-04:00,144,rearm,VARYING,0/5,"0xAB3CA080;0xF5CD960C;0xF66CACEC;0xC14A00A2;0x9F555920;",25.150,56000,59000,,
2026-07-07T04:54:47-04:00,145,rearm,VARYING,0/5,"0xB0B214;0xCD8FA2CA;0x7E303BA2;0x5D3053C;0x3AAC7A92;",25.154,56000,59000,,
2026-07-07T04:55:02-04:00,146,rearm,VARYING,0/5,"0xCEAE4B4A;0xAFA318C6;0xD4419834;0xA5A0D2C2;0x173DD37E;",25.234,55000,58000,,
2026-07-07T04:55:17-04:00,147,rearm,VARYING,0/5,"0x3D1EE896;0x96E68424;0x87973386;0xD4BA8280;0x429C2BBC;",25.209,55000,58000,,
2026-07-07T04:55:32-04:00,148,rearm,VARYING,0/5,"0x25BB05FE;0x5ABA4FA8;0x2F769FA0;0x6D452FC;0x2C6635B0;",25.170,57000,60000,,
2026-07-07T04:55:47-04:00,149,rearm,VARYING,0/5,"0x2BFF7CD8;0xCD45D048;0xF839A93C;0x3D446C20;0xA1E6DB0E;",25.251,56000,59000,,
2026-07-07T04:56:02-04:00,150,rearm,VARYING,0/5,"0x2171A5DE;0x3CA638A2;0x7F818146;0x4A00833E;0x317C9BAA;",25.225,56000,59000,,
2026-07-07T04:57:46-04:00,151,reboot,VARYING,0/5,"0x2BB7B9B2;0xD730B054;0x56A49FFE;0xCC62C74A;0x7415A42A;",25.215,59000,58000,,
2026-07-07T04:58:01-04:00,152,rearm,VARYING,0/5,"0x95958074;0x647247E2;0x474BEA4E;0x2F43BC0;0xA3E37674;",25.316,57000,57000,,
2026-07-07T04:58:16-04:00,153,rearm,VARYING,0/5,"0x79CF4818;0xD2FAD794;0x45960596;0xAB256498;0x96483596;",25.371,56000,57000,,
2026-07-07T04:58:31-04:00,154,rearm,VARYING,0/5,"0x8C94984;0x23B7F46;0x615B98B6;0xF906F3DA;0xF906F3DA;",25.52,56000,58000,,
2026-07-07T04:58:46-04:00,155,rearm,VARYING,0/5,"0x987DF324;0x987DF324;0x20F59182;0x1CE1C650;0xBCFC1F9C;",25.310,56000,59000,,
2026-07-07T04:59:02-04:00,156,rearm,VARYING,0/5,"0xD725118C;0x2;0x238CAAA0;0xB0B3FE2C;0x6BA71182;",25.372,57000,57000,,
2026-07-07T04:59:17-04:00,157,rearm,VARYING,0/5,"0x6DA46302;0x5F69BF4C;0x8471F902;0x8471F902;0x58317F32;",25.225,56000,57000,,
2026-07-07T04:59:32-04:00,158,rearm,VARYING,0/5,"0x7C700D2A;0xEB593D62;0x95A1A4F2;0xF78861F8;0xC7692EA2;",25.21,56000,59000,,
2026-07-07T04:59:47-04:00,159,rearm,VARYING,0/5,"0xEE0AE9C;0xD20831A4;0xC77831FA;0x4319A1FC;0x8A2ED3C0;",25.313,56000,57000,,
2026-07-07T05:00:02-04:00,160,rearm,VARYING,0/5,"0x66867EC6;0xB43C07D8;0x6005EF42;0x49276004;0x80658068;",25.271,55000,57000,,
2026-07-07T05:01:45-04:00,161,reboot,VARYING,0/5,"0xCB1885D8;0x4854160;0xD9002436;0x9F11291C;0xC29FD2AC;",25.44,57000,58000,,
2026-07-07T05:02:00-04:00,162,rearm,VARYING,0/5,"0x3F7AC122;0x7C6CE052;0x55F4434;0x69163FD8;0xB9D808F8;",25.192,57000,60000,,
2026-07-07T05:02:15-04:00,163,rearm,VARYING,0/5,"0x8E2B3FC2;0xE52DBD74;0xB2565950;0x8575FC;0x7C06A2C;",25.165,57000,60000,,
2026-07-07T05:02:31-04:00,164,rearm,VARYING,0/5,"0x78A3AE90;0x63E89444;0x198B1C0A;0x9CD36154;0x2DF1F408;",25.297,56000,59000,,
2026-07-07T05:02:46-04:00,165,rearm,VARYING,0/5,"0x24F2470;0xF6DE3CE4;0x19D1EC46;0x1B04814E;0x68183AA6;",24.983,57000,59000,,
2026-07-07T05:03:01-04:00,166,rearm,VARYING,0/5,"0x3BF2A80;0x2D292E42;0xE0F90D92;0x44CAE320;0xE3CD5DDC;",25.307,56000,59000,,
2026-07-07T05:03:16-04:00,167,rearm,VARYING,0/5,"0x12D01382;0xA95B97A6;0x226D0056;0x22F71C34;0xFE3FE68A;",25.10,56000,59000,,
2026-07-07T05:03:31-04:00,168,rearm,VARYING,0/5,"0xCB74843A;0x576B81F4;0x7AD6CC2;0xFEA9F2EA;0xFEA9F2EA;",25.126,55000,57000,,
2026-07-07T05:03:46-04:00,169,rearm,VARYING,0/5,"0x1AACEFB4;0x22BEE2AE;0xEE818682;0xC0B8F162;0x81E6088E;",25.259,56000,58000,,
2026-07-07T05:04:01-04:00,170,rearm,VARYING,0/5,"0x228B908A;0xCC6A534;0x348DF44C;0x45AD1B6C;0xD5FCA6E6;",25.178,55000,57000,,
2026-07-07T05:05:50-04:00,171,reboot,VARYING,0/5,"0x235F2510;0x8AB4020;0x3818598C;0xDF7568EE;0x3C0B8960;",25.01,58000,57000,,
2026-07-07T05:06:05-04:00,172,rearm,VARYING,0/5,"0x53CD3136;0x7E20CDB6;0xA5257450;0x1E554472;0x201839D8;",25.58,57000,59000,,
2026-07-07T05:06:20-04:00,173,rearm,VARYING,0/5,"0x621EA50A;0x7ECFB29A;0xA811761E;0x788AC71C;0xF00DF344;",25.239,56000,57000,,
2026-07-07T05:06:35-04:00,174,rearm,VARYING,0/5,"0x802AFA06;0x7A6F5AA8;0xE9110364;0x8518F156;0x30D4FE0;",25.96,57000,58000,,
2026-07-07T05:06:50-04:00,175,rearm,VARYING,0/5,"0xBD83F370;0xCBE7560;0x118A6976;0xBF136378;0x94DE12BC;",25.168,57000,57000,,
2026-07-07T05:07:05-04:00,176,rearm,VARYING,0/5,"0xE6B077D4;0x33D97602;0x2FAD95F4;0x42339964;0xAC05116E;",25.409,56000,60000,,
2026-07-07T05:07:20-04:00,177,rearm,VARYING,0/5,"0xE1084384;0x56BA1FFA;0x8930810E;0x8C59EAFA;0x4FA39862;",25.193,56000,60000,,
2026-07-07T05:07:36-04:00,178,rearm,VARYING,0/5,"0x68CB5AB0;0xDB690312;0x5BD9F6B0;0x6D70825C;0xB45D28CC;",25.296,56000,59000,,
2026-07-07T05:07:51-04:00,179,rearm,VARYING,0/5,"0x28552D80;0xCFAB952;0x56AA6BA2;0x31016D8A;0x48B1751E;",25.241,54000,57000,,
2026-07-07T05:08:06-04:00,180,rearm,VARYING,0/5,"0x21D4FB00;0x157F3180;0xEA09A08A;0x2B9465E2;0xBD16D12E;",24.937,56000,60000,,
2026-07-07T05:09:57-04:00,181,reboot,VARYING,0/5,"0xE4D22296;0x8546B10;0xA4A2D53C;0xCA99F4BA;0x3CB2E800;",25.211,59000,59000,,
2026-07-07T05:10:12-04:00,182,rearm,VARYING,0/5,"0xC28105B2;0x11921644;0x54303AB8;0xB853B7E4;0x74F1100C;",24.950,58000,58000,,
2026-07-07T05:10:27-04:00,183,rearm,VARYING,0/5,"0xEBFB7ACE;0x53EA9FF4;0x80181D22;0x8098109C;0x459B3574;",25.10,57000,57000,,
2026-07-07T05:10:42-04:00,184,rearm,VARYING,0/5,"0xA44D9928;0x137629F6;0xDDC0C0A8;0x1945F4B0;0x3D6C539A;",25.220,57000,59000,,
2026-07-07T05:10:57-04:00,185,rearm,VARYING,0/5,"0xE0C0F1CA;0x59643EEE;0x692FE50E;0x74DA8F06;0xAE1FD3EA;",25.72,57000,57000,,
2026-07-07T05:11:13-04:00,186,rearm,VARYING,0/5,"0x91D4CF64;0xA3CA6258;0x48E0BC08;0xE9331898;0x10B28BA8;",25.279,57000,57000,,
2026-07-07T05:11:28-04:00,187,rearm,VARYING,0/5,"0x7759BDE4;0xDCE0A880;0x55C16B16;0x2B3DD7DC;0xB22C6410;",24.842,57000,57000,,
2026-07-07T05:11:43-04:00,188,rearm,VARYING,0/5,"0x75089D66;0xD6F8A72C;0xD3BD82A0;0xB0D88E6E;0xC8F549C8;",25.44,56000,58000,,
2026-07-07T05:11:58-04:00,189,rearm,VARYING,0/5,"0x7CCC494C;0x3A46D42E;0x24137F82;0x52D39704;0x18C118E2;",25.380,56000,57000,,
2026-07-07T05:12:13-04:00,190,rearm,VARYING,0/5,"0x841C2722;0x7C909A68;0x54B67F8;0x583A0B6E;0x2E25B1D6;",25.293,55000,58000,,
2026-07-07T05:14:02-04:00,191,reboot,VARYING,0/5,"0x59D68510;0xEBDB4684;0x48F12EA2;0xB7AF9312;0xC23397E6;",25.322,58000,57000,,
2026-07-07T05:14:17-04:00,192,rearm,VARYING,0/5,"0xC27D9A8;0x3391654C;0xCB218194;0x52014B70;0x602948CE;",25.152,58000,57000,,
2026-07-07T05:14:33-04:00,193,rearm,VARYING,0/5,"0x71A69910;0xDE1150;0xBFCD4E44;0x22DBD294;0xF45AD844;",24.892,57000,57000,,
2026-07-07T05:14:48-04:00,194,rearm,VARYING,0/5,"0x796E61BA;0xCB7321B2;0x1D001232;0x438D1CE8;0xBC419934;",25.136,55000,58000,,
2026-07-07T05:15:03-04:00,195,rearm,VARYING,0/5,"0xCB85D366;0xF31233DA;0x1262722E;0x45D0254E;0xF8C2AE9C;",25.245,57000,59000,,
2026-07-07T05:15:18-04:00,196,rearm,VARYING,0/5,"0xC1607D4C;0x2C749FBA;0xD9B25004;0x51062ED0;0x8BB1ED90;",25.403,57000,59000,,
2026-07-07T05:15:33-04:00,197,rearm,VARYING,0/5,"0xDFAF52A4;0x325DC324;0xCE72F7BE;0x50C39D2;0x5A2CD4EC;",24.916,55000,59000,,
2026-07-07T05:15:48-04:00,198,rearm,VARYING,0/5,"0x7863C804;0xBD97D448;0xDFC0E074;0xB7D9501A;0x3D7AD7E4;",25.193,55000,57000,,
2026-07-07T05:16:03-04:00,199,rearm,VARYING,0/5,"0x5119DE56;0x476DA744;0x367D83E0;0x1DC017A8;0x88DD738C;",25.186,54000,58000,,
2026-07-07T05:16:18-04:00,200,rearm,VARYING,0/5,"0x840E81CA;0xE025CE26;0x79C43A4E;0x36727232;0xBA08683E;",25.104,55000,59000,,
2026-07-07T05:18:07-04:00,201,reboot,STABLEWRONG,0/5,"0x0;0x0;0x0;0x0;0x0;",16.518,59000,60000,,
2026-07-07T05:18:22-04:00,202,rearm,STABLEWRONG,0/5,"0x0;0x0;0x0;0x0;0x0;",16.839,56000,60000,,
2026-07-07T05:18:37-04:00,203,rearm,VARYING,0/5,"0x5CAA98BA;0xD660479E;0xB88A7EBE;0x1DA8808E;0xD48BD2DA;",17.710,56000,59000,,
2026-07-07T05:18:52-04:00,204,rearm,VARYING,0/5,"0xB6B5B53A;0x62668180;0x270FB84E;0x59D16802;0x9755B472;",18.206,56000,59000,,
2026-07-07T05:19:07-04:00,205,rearm,STABLEWRONG,0/5,"0x0;0x0;0x0;0x0;0x0;",17.34,57000,59000,,
2026-07-07T05:19:22-04:00,206,rearm,VARYING,0/5,"0x100;0xAFD1E800;0x89C012D6;0x26299702;0x95870042;",16.816,56000,60000,,
2026-07-07T05:19:37-04:00,207,rearm,VARYING,0/5,"0xB0330B20;0x62CE3236;0x82300858;0xAC89D3E;0x0;",17.798,57000,60000,,
2026-07-07T05:19:53-04:00,208,rearm,STABLEWRONG,0/5,"0x0;0x0;0x0;0x0;0x0;",17.320,54000,58000,,
2026-07-07T05:20:08-04:00,209,rearm,VARYING,0/5,"0x0;0x5A82A00A;0x0;0x8FB159F2;0x0;",16.215,56000,58000,,
2026-07-07T05:20:23-04:00,210,rearm,VARYING,0/5,"0x3A96208E;0xC148A288;0xE0895FA0;0x9F391688;0x0;",17.726,55000,58000,,
2026-07-07T05:22:08-04:00,211,reboot,VARYING,0/5,"0x6EB57ADE;0x13F453F4;0x65346E50;0xF7CE344;0x66346AB4;",25.262,59000,60000,,
2026-07-07T05:22:23-04:00,212,rearm,VARYING,0/5,"0x6C68635C;0x9C5FA634;0x952E4754;0x6536475A;0x5349C4EA;",25.125,58000,58000,,
2026-07-07T05:22:38-04:00,213,rearm,VARYING,0/5,"0xF020067E;0xABD939E;0xFF40B48C;0xA1021AAA;0xD3AC27E2;",25.32,57000,57000,,
2026-07-07T05:22:53-04:00,214,rearm,VARYING,0/5,"0xAC31400E;0xF1AB5384;0xF1AB5384;0x525B9D1C;0x525B9D1C;",25.90,55000,60000,,
2026-07-07T05:23:08-04:00,215,rearm,VARYING,0/5,"0x75B94566;0x9F4CEA44;0x1B043B5E;0x50207C7A;0xC3769CF4;",24.884,55000,58000,,
2026-07-07T05:23:23-04:00,216,rearm,VARYING,0/5,"0xBD54E5AA;0xA7940434;0xAD8DDC8E;0xD5A303D0;0x267527A;",25.35,57000,59000,,
2026-07-07T05:23:39-04:00,217,rearm,VARYING,0/5,"0x0;0xC1E13230;0xD2829510;0x76900FAA;0x6492672;",25.167,56000,59000,,
2026-07-07T05:23:54-04:00,218,rearm,VARYING,0/5,"0x56B5EAC0;0xE7DA557A;0x1AB78230;0x5A32D000;0x20A70CE8;",25.280,55000,58000,,
2026-07-07T05:24:09-04:00,219,rearm,VARYING,0/5,"0x733C46F6;0x85643D56;0x961388A;0x26AC4EB0;0x435521F0;",25.214,57000,58000,,
2026-07-07T05:24:24-04:00,220,rearm,VARYING,0/5,"0xD0950CEA;0x92B17B12;0xE982FEBE;0x7B3067C2;0xBCE09A10;",25.160,57000,58000,,
2026-07-07T05:26:11-04:00,221,reboot,VARYING,0/5,"0x55CE9CF0;0x59E6FE52;0xBB8AE6F4;0xD1B718B6;0x985D1040;",25.113,59000,58000,,
2026-07-07T05:26:26-04:00,222,rearm,VARYING,0/5,"0x5720F04A;0x29DC53C6;0xB9A10E48;0x556C3500;0x93BE536E;",25.29,57000,58000,,
2026-07-07T05:26:41-04:00,223,rearm,VARYING,0/5,"0xF8838124;0xF21A4136;0xFCE860B2;0x19155D12;0xBDECB1F4;",25.113,57000,57000,,
2026-07-07T05:26:57-04:00,224,rearm,VARYING,0/5,"0x2681B5EE;0xCED8C8E6;0xD3E7AE90;0xD3E7AE90;0x8F77C436;",25.32,57000,58000,,
2026-07-07T05:27:12-04:00,225,rearm,VARYING,0/5,"0xBFD94D80;0x6241E2BA;0xA71E1684;0x1FA69C6;0x2D97E9D6;",24.918,57000,59000,,
2026-07-07T05:27:27-04:00,226,rearm,VARYING,0/5,"0xA67AD3F4;0x33AB22D2;0xFF9DC376;0xB2531108;0x39D86352;",25.140,56000,58000,,
2026-07-07T05:27:42-04:00,227,rearm,VARYING,0/5,"0xED0D26A0;0x533645F2;0xF6D50E60;0xBFCD0C2C;0x58AD7BAC;",25.421,56000,58000,,
2026-07-07T05:27:57-04:00,228,rearm,VARYING,0/5,"0x67A61D66;0x3629FC64;0xB4D6C156;0xAAD676FC;0x219D1CE2;",25.249,57000,58000,,
2026-07-07T05:28:12-04:00,229,rearm,VARYING,0/5,"0xD0788426;0x95D6FD8;0xB06E8388;0x90B26D84;0x90B26D84;",25.444,57000,59000,,
2026-07-07T05:28:27-04:00,230,rearm,VARYING,0/5,"0x96454E9A;0xEF4E308;0x618FDF5E;0xC86C91E2;0x5E1CED4C;",25.145,55000,58000,,
2026-07-07T05:30:22-04:00,231,reboot,DEAD,0/5,"0x0;0x0;0x0;0x648241C6;0x400;",16.419,60000,59000,,
2026-07-07T05:30:37-04:00,232,rearm,VARYING,0/5,"0x1D8F5A98;0x2E159720;0xBFFC7FF0;0x9CB2B4E0;0x0;",17.402,57000,60000,,
2026-07-07T05:30:52-04:00,233,rearm,STABLEWRONG,0/5,"0x0;0x0;0x0;0x0;0x0;",16.327,56000,58000,,
2026-07-07T05:31:07-04:00,234,rearm,VARYING,0/5,"0xD83C764A;0x102F5A2;0xF7F5EB1A;0x6DD5A516;0x5B118C6C;",16.913,57000,58000,,
2026-07-07T05:31:22-04:00,235,rearm,VARYING,0/5,"0xACDE5842;0x872D9FC0;0x8D89C5D8;0x796D7400;0x765D8CEE;",16.883,54000,59000,,
2026-07-07T05:31:37-04:00,236,rearm,STABLEWRONG,0/5,"0x0;0x0;0x0;0x0;0x0;",17.33,57000,58000,,
2026-07-07T05:31:52-04:00,237,rearm,VARYING,0/5,"0x0;0x51D93146;0x0;0x1EC5960;0x7D6;",17.23,56000,60000,,
2026-07-07T05:32:08-04:00,238,rearm,VARYING,0/5,"0xA25C601A;0x0;0x2B3D6732;0x1E55BCE0;0x2D2D10E2;",17.960,56000,58000,,
2026-07-07T05:32:23-04:00,239,rearm,STABLEWRONG,0/5,"0x0;0x0;0x0;0x0;0x0;",15.971,54000,57000,,
2026-07-07T05:32:38-04:00,240,rearm,STABLEWRONG,0/5,"0x0;0x0;0x0;0x0;0x0;",16.642,56000,57000,,
2026-07-07T05:34:18-04:00,241,reboot,VARYING,0/5,"0xD11E58;0x1E751F46;0x0;0x31445B66;0x90100000;",16.749,58000,60000,,
2026-07-07T05:34:33-04:00,242,rearm,STABLEWRONG,0/5,"0x0;0x0;0x0;0x1E85228C;0x0;",16.562,57000,59000,,
2026-07-07T05:34:48-04:00,243,rearm,VARYING,0/5,"0xCF4652B4;0xEB122D70;0x2442891A;0xFA3D670E;0x40D87B84;",17.46,57000,60000,,
2026-07-07T05:35:03-04:00,244,rearm,VARYING,0/5,"0x159E8FD6;0x428A5896;0x3AAC;0x0;0x0;",16.328,57000,59000,,
2026-07-07T05:35:18-04:00,245,rearm,VARYING,0/5,"0x0;0x4CB20820;0x4022DE8A;0xE6546658;0xE8683C7E;",16.880,55000,57000,,
2026-07-07T05:35:33-04:00,246,rearm,VARYING,0/5,"0x0;0x80C5F820;0x0;0x8062C8B4;0x0;",17.114,57000,57000,,
2026-07-07T05:35:49-04:00,247,rearm,VARYING,0/5,"0xB6E3ACCC;0x925FC8D6;0x920F0D10;0x811CA9A2;0x3F8AA3C0;",17.07,56000,58000,,
2026-07-07T05:36:04-04:00,248,rearm,VARYING,0/5,"0xCE827CFC;0xD3CBB19E;0x9E2856D6;0x38023D10;0x8B82EAAE;",17.846,56000,60000,,
2026-07-07T05:36:19-04:00,249,rearm,VARYING,0/5,"0x1CBA02EA;0x0;0x1160000;0x0;0xE29099DA;",17.793,56000,59000,,
2026-07-07T05:36:34-04:00,250,rearm,VARYING,0/5,"0x758A4600;0x16;0x0;0x0;0x0;",17.166,56000,59000,,
2026-07-07T05:38:22-04:00,251,reboot,VARYING,0/5,"0x3AF3401E;0xE6258E60;0x220DE8D6;0xB1640A4C;0x26FE351E;",25.138,58000,58000,,
2026-07-07T05:38:37-04:00,252,rearm,VARYING,0/5,"0xA1E9ECE2;0xF188B16C;0xA149EDA2;0x38C238D4;0x7AF8E912;",25.295,58000,58000,,
2026-07-07T05:38:52-04:00,253,rearm,VARYING,0/5,"0xDD941CB6;0x22E1D160;0xD7F345CE;0x23EB4274;0x9605C7E4;",25.212,57000,59000,,
2026-07-07T05:39:08-04:00,254,rearm,VARYING,0/5,"0xCEA683B4;0xB28407BA;0x52CA0844;0xD9590AFE;0x6BD3C47A;",25.340,56000,59000,,
2026-07-07T05:39:23-04:00,255,rearm,VARYING,0/5,"0xF59B9034;0xD0D8D8DC;0x3A39253E;0x1A304A7A;0xD132A6DA;",25.283,57000,58000,,
2026-07-07T05:39:38-04:00,256,rearm,VARYING,0/5,"0xA79A9D76;0x7188F248;0x989EB4D2;0x2FBA035C;0x14DF04E8;",25.152,55000,58000,,
2026-07-07T05:39:53-04:00,257,rearm,VARYING,0/5,"0x3DC73F00;0x5A8745D6;0x12C90112;0xD53823C6;0xF9C372F8;",25.214,56000,57000,,
2026-07-07T05:40:08-04:00,258,rearm,VARYING,0/5,"0x1DE2E56A;0x891B4FB0;0x14DC6EE8;0xF6DDE540;0x186216E0;",24.954,55000,57000,,
2026-07-07T05:40:23-04:00,259,rearm,VARYING,0/5,"0xCEE71D4E;0xFF88ED66;0x7B0470CE;0x4CEC8A9E;0xF6C6D92A;",25.379,56000,57000,,
2026-07-07T05:40:38-04:00,260,rearm,VARYING,0/5,"0x99FC65EE;0xAC0AAE42;0xF9A4F5EA;0x806384C4;0x48D1D132;",25.205,57000,57000,,
2026-07-07T05:42:32-04:00,261,reboot,VARYING,0/5,"0x8C6DAF98;0x623EFF30;0xE695ACB6;0x8055ED5A;0xB7ACBC4;",25.208,57000,60000,,
2026-07-07T05:42:47-04:00,262,rearm,VARYING,0/5,"0x68BEB17A;0x90AFA2DC;0x9DCD386;0xE56433B2;0x913540E8;",25.207,57000,60000,,
2026-07-07T05:43:02-04:00,263,rearm,VARYING,0/5,"0x196875E8;0x196875E8;0x8C312068;0x233B7AA;0x403BBF9A;",25.134,57000,58000,,
2026-07-07T05:43:17-04:00,264,rearm,VARYING,0/5,"0x11432072;0xABD30C76;0xB64A3658;0x102B1632;0x7D571D10;",25.373,56000,57000,,
2026-07-07T05:43:32-04:00,265,rearm,VARYING,0/5,"0x406DDB0E;0xCA8A8D24;0x608C732C;0x242870B8;0x1218F64;",25.260,57000,57000,,
2026-07-07T05:43:47-04:00,266,rearm,VARYING,0/5,"0x474C9E04;0x75DBF7A;0xADB9C49A;0xEFD58B46;0x8A0B3B24;",25.407,57000,57000,,
2026-07-07T05:44:02-04:00,267,rearm,VARYING,0/5,"0xF21F961E;0xA467ADAC;0x29B52FC8;0xDF419AD0;0x7C94B3C2;",25.272,57000,60000,,
2026-07-07T05:44:18-04:00,268,rearm,VARYING,0/5,"0x1F480CF2;0xD5AD71E4;0xB39D4540;0xF3E72D64;0x13420E12;",25.172,55000,57000,,
2026-07-07T05:44:33-04:00,269,rearm,VARYING,0/5,"0xC2691970;0x3A89D924;0xD7B21C36;0x65E70ECA;0x4972EF70;",25.247,55000,57000,,
2026-07-07T05:44:48-04:00,270,rearm,VARYING,0/5,"0xB15FFFB6;0x1B21729E;0x9D2803A6;0x3C7440E0;0x5D241E6C;",25.338,56000,58000,,
2026-07-07T05:46:42-04:00,271,reboot,VARYING,0/5,"0x49C7327E;0x8D24A2C4;0x9C32B35A;0xFDF5A530;0x1A0B2996;",25.138,58000,59000,,
2026-07-07T05:46:57-04:00,272,rearm,VARYING,0/5,"0x5A1B721E;0x754C579C;0x1A04E46C;0x1B269630;0xDDA2846C;",25.185,58000,58000,,
2026-07-07T05:47:12-04:00,273,rearm,VARYING,0/5,"0x889ED306;0x7D778054;0x3F7A75DE;0x7F98DF16;0xE320DD4A;",25.255,57000,58000,,
2026-07-07T05:47:27-04:00,274,rearm,VARYING,0/5,"0x52C8EFB2;0xC7691C6A;0xEF10EFBA;0xE7E16950;0x43042262;",25.290,55000,59000,,
2026-07-07T05:47:42-04:00,275,rearm,VARYING,0/5,"0x83DCF222;0x728F682E;0x9F11DE9C;0x238EAD0;0x389FE7FC;",24.997,56000,59000,,
2026-07-07T05:47:58-04:00,276,rearm,VARYING,0/5,"0x83B639AC;0x6AA7EA5E;0xD15A1E7A;0x44AB90D8;0xE3ED53DC;",25.385,56000,57000,,
2026-07-07T05:48:13-04:00,277,rearm,VARYING,0/5,"0xB71B627E;0x6158766;0xA06CA006;0xA06CA006;0x30529B04;",25.463,57000,58000,,
2026-07-07T05:48:28-04:00,278,rearm,VARYING,0/5,"0xAD25BDDC;0x9615248E;0x950F2AC0;0xB52BB0EA;0x3B38F5E4;",25.213,56000,60000,,
2026-07-07T05:48:43-04:00,279,rearm,VARYING,0/5,"0x3DD13524;0x10A17584;0xC490A896;0x8234A2CA;0x18AD03D6;",25.292,56000,59000,,
2026-07-07T05:48:58-04:00,280,rearm,VARYING,0/5,"0x22DCAC4;0x5187743A;0xFE89D6CC;0xDAAB54A4;0x6CDA574C;",24.939,55000,58000,,
2026-07-07T05:50:48-04:00,281,reboot,VARYING,0/5,"0xAC788E6C;0x3ACA94A8;0x8FF23ED2;0x6821DA9A;0xD02924F8;",25.352,57000,58000,,
2026-07-07T05:51:04-04:00,282,rearm,VARYING,0/5,"0x6B9E82C6;0xCF0538E4;0x5443BE3E;0xAFBCE1AA;0x1308C636;",25.14,57000,59000,,
2026-07-07T05:51:19-04:00,283,rearm,VARYING,0/5,"0x5D6B18C0;0x1ABA081E;0x27A73526;0x511634FE;0xD2677E0C;",25.95,57000,59000,,
2026-07-07T05:51:34-04:00,284,rearm,VARYING,0/5,"0xAD238A90;0xA66508D6;0xDCBAE4F4;0x8E735CFE;0x2D2CC748;",25.379,57000,60000,,
2026-07-07T05:51:49-04:00,285,rearm,VARYING,0/5,"0x8E892390;0xA6F9C7AC;0x761254DC;0xF647AF00;0x5078B526;",25.311,55000,57000,,
2026-07-07T05:52:04-04:00,286,rearm,VARYING,0/5,"0x78DDE912;0x3D25964;0x9E2B48A;0x5318D1F8;0xD832E874;",25.32,56000,58000,,
2026-07-07T05:52:19-04:00,287,rearm,VARYING,0/5,"0xE6865690;0xC1E2D2EC;0x75604558;0xB0125580;0xD3A925E0;",25.161,56000,57000,,
2026-07-07T05:52:34-04:00,288,rearm,VARYING,0/5,"0x90ACE7C4;0xC76F0BE8;0x95D8CD3C;0x58058AC2;0x25DF5BC8;",25.120,57000,59000,,
2026-07-07T05:52:50-04:00,289,rearm,VARYING,0/5,"0x30DB31A8;0xF97EBD96;0x8B22CB4;0xA948CE3E;0xAC02498E;",25.13,56000,59000,,
2026-07-07T05:53:05-04:00,290,rearm,VARYING,0/5,"0xDD959738;0xBD9ABCC4;0xF6F195B0;0x91832E1A;0x89B37C74;",25.08,56000,57000,,
2026-07-07T05:55:05-04:00,291,reboot,VARYING,0/5,"0x19FBA3C0;0x24C1D04A;0x11D55456;0x6BCED814;0x673F04BE;",25.268,59000,58000,,
2026-07-07T05:55:20-04:00,292,rearm,VARYING,0/5,"0x59FB110;0x70223EB2;0x7556ADA2;0xB48B0C72;0x6C3E7A5C;",25.00,57000,59000,,
2026-07-07T05:55:35-04:00,293,rearm,VARYING,0/5,"0x3C68894;0x3D7A2818;0xD6AFD8D0;0xAEB04022;0x60DB322A;",24.859,57000,59000,,
2026-07-07T05:55:50-04:00,294,rearm,VARYING,0/5,"0x7EAF2494;0xC9EB93AE;0x1036C2E6;0xDC1C3126;0xEB76A3B0;",25.217,57000,59000,,
2026-07-07T05:56:05-04:00,295,rearm,VARYING,0/5,"0x411C6D46;0x93160C4E;0x8B0B83FE;0x50725012;0x8BEF2BB4;",25.166,56000,59000,,
2026-07-07T05:56:21-04:00,296,rearm,VARYING,0/5,"0xC2D17958;0xD6E79830;0xAC943C72;0xD3206C8E;0x2A5D0298;",24.960,56000,59000,,
2026-07-07T05:56:36-04:00,297,rearm,VARYING,0/5,"0xD3843F70;0x19F24584;0x4C270CE8;0xE512088A;0xECA54CA4;",25.181,54000,58000,,
2026-07-07T05:56:51-04:00,298,rearm,VARYING,0/5,"0x1127CFFE;0x9627A5D2;0x90B3A188;0x8E4E7378;0xAC83B436;",25.276,57000,58000,,
2026-07-07T05:57:06-04:00,299,rearm,VARYING,0/5,"0x55195DD4;0x2DAD8EB0;0x67305A62;0x26B117E2;0xD1D6622E;",25.360,55000,58000,,
2026-07-07T05:57:21-04:00,300,rearm,VARYING,0/5,"0xA1283504;0x5037D070;0xB502526;0x7F860142;0xECAD51C0;",25.252,55000,59000,,
2026-07-07T05:59:04-04:00,301,reboot,VARYING,0/5,"0xCB256648;0x33152B22;0xF254BAE4;0x5674CB14;0xA02C243E;",25.116,59000,57000,,
2026-07-07T05:59:19-04:00,302,rearm,VARYING,0/5,"0x85D6D542;0x12F39042;0xF48D9C74;0xE145A4CA;0x75F5D6F6;",25.87,57000,57000,,
2026-07-07T05:59:34-04:00,303,rearm,VARYING,0/5,"0xF8D42C1C;0x653E6322;0x46AB03E0;0x4C1D2A18;0xE3905A70;",25.373,56000,57000,,
2026-07-07T05:59:50-04:00,304,rearm,VARYING,0/5,"0x408DA9EE;0x594B8124;0x93A24A3E;0x97C3BEDC;0xA2B774AA;",25.190,57000,57000,,
2026-07-07T06:00:05-04:00,305,rearm,VARYING,0/5,"0x25FDBC72;0x48619F62;0x94AC435E;0x485BD532;0x8941C660;",25.154,57000,57000,,
2026-07-07T06:00:20-04:00,306,rearm,VARYING,0/5,"0x97319E74;0xD1D3A59C;0xCFB497E2;0x1E4B6F52;0x2F750FE4;",25.401,56000,57000,,
2026-07-07T06:00:35-04:00,307,rearm,VARYING,0/5,"0x26C1DC04;0x1BA93E6E;0x75B0EA2A;0xB7DCF830;0xFA725FF0;",25.270,55000,57000,,
2026-07-07T06:00:50-04:00,308,rearm,VARYING,0/5,"0xDD0F0914;0x9448D78A;0x84B25BE2;0xAA8B4196;0x1658B536;",25.313,55000,58000,,
2026-07-07T06:01:05-04:00,309,rearm,VARYING,0/5,"0x94581E98;0x874F3AE2;0xB127D9A8;0x8B85E9E2;0xE50CF01E;",25.20,56000,58000,,
2026-07-07T06:01:20-04:00,310,rearm,VARYING,0/5,"0x6C1556F8;0xEEAA7432;0xA3132318;0xB3142334;0xB36ABA82;",25.17,57000,59000,,
2026-07-07T06:03:09-04:00,311,reboot,VARYING,0/5,"0x2266F004;0x18A0D59E;0xAE5AB2B4;0xD5301ECA;0xC50A9D38;",25.233,57000,60000,,
2026-07-07T06:03:24-04:00,312,rearm,VARYING,0/5,"0x171E688A;0xE0F321AA;0x66256414;0x5BB90050;0xC42935B4;",25.328,57000,59000,,
2026-07-07T06:03:39-04:00,313,rearm,VARYING,0/5,"0x624B00FA;0x3F1085E2;0xF3160ECA;0xF8130640;0xC2FA941A;",25.333,57000,58000,,
2026-07-07T06:03:54-04:00,314,rearm,VARYING,0/5,"0x6C12E0FC;0xD56F43DA;0xB8818936;0x49FB0E30;0x6F9B200E;",25.183,56000,59000,,
2026-07-07T06:04:09-04:00,315,rearm,VARYING,0/5,"0x30F39232;0x7F3D923E;0xC0B200B2;0xAB32F4E8;0x3D4B739C;",25.279,57000,59000,,
2026-07-07T06:04:24-04:00,316,rearm,VARYING,0/5,"0x9852B462;0x4288095E;0xD51F876;0x3BB09EC0;0x3BB09EC0;",25.309,55000,59000,,
2026-07-07T06:04:39-04:00,317,rearm,VARYING,0/5,"0x992EB1D0;0x62617FC0;0xFAECFCD2;0x7F404590;0xEADD532C;",24.919,56000,57000,,
2026-07-07T06:04:55-04:00,318,rearm,VARYING,0/5,"0x903A58EA;0x728146B0;0x9029C5AC;0xF46A65E8;0xCB2D8D2A;",24.998,55000,58000,,
2026-07-07T06:05:10-04:00,319,rearm,VARYING,0/5,"0x59F16290;0xE4B310B6;0xE2BCC566;0x9E7EB36E;0x4825B014;",25.243,56000,57000,,
2026-07-07T06:05:25-04:00,320,rearm,VARYING,0/5,"0x95F639D6;0xC6E0F222;0xCD18C916;0x80A0FAEE;0x3FA7EC00;",25.409,56000,60000,,
2026-07-07T06:07:19-04:00,321,reboot,VARYING,0/5,"0x67A282BC;0x5C4CF3EE;0xD1CBF80E;0x7832291E;0xEC4B3A00;",25.207,58000,58000,,
2026-07-07T06:07:34-04:00,322,rearm,VARYING,0/5,"0x5D8E5AE4;0x5F90C8B2;0xBD852724;0x8166188E;0xAFA65A52;",25.113,57000,58000,,
2026-07-07T06:07:49-04:00,323,rearm,VARYING,0/5,"0xAD1CDC0;0x2E693D8;0x0;0xE83C5B2;0x400220A4;",25.119,57000,57000,,
2026-07-07T06:08:04-04:00,324,rearm,VARYING,0/5,"0x80BF0B1E;0xEFD52CF2;0x8E63339C;0x11CB64CE;0x8F08CEF2;",25.125,57000,57000,,
2026-07-07T06:08:20-04:00,325,rearm,VARYING,0/5,"0x6415121E;0x7F25A7D0;0x7F25A7D0;0x2DF45CEE;0x4F034F2E;",24.958,56000,57000,,
2026-07-07T06:08:35-04:00,326,rearm,VARYING,0/5,"0x28AD0210;0x475993CC;0xE2EB002C;0xE2E43192;0x33D1C1E;",25.23,56000,57000,,
2026-07-07T06:08:50-04:00,327,rearm,VARYING,0/5,"0x1EDC1298;0xA9745D3A;0xE762EF7C;0x7AFC06DE;0xBC7A9006;",25.53,54000,57000,,
2026-07-07T06:09:05-04:00,328,rearm,VARYING,0/5,"0x7AC4AF48;0xD71341AE;0xF67D479A;0x71F92D06;0x8442245A;",24.926,55000,59000,,
2026-07-07T06:09:20-04:00,329,rearm,VARYING,0/5,"0xBABC4FE6;0xCCCB8AFA;0x3FC104FE;0x7C01010;0x5ADD1080;",25.255,55000,57000,,
2026-07-07T06:09:35-04:00,330,rearm,VARYING,0/5,"0x35B8D11C;0x43EAD5EA;0xDE544EAA;0x3199D93A;0x4C981B00;",25.373,56000,57000,,
2026-07-07T06:11:35-04:00,331,reboot,VARYING,0/5,"0x69CB8E74;0x9543F37C;0x32DD3536;0x3B91632;0x4D110B72;",25.285,57000,58000,,
2026-07-07T06:11:50-04:00,332,rearm,VARYING,0/5,"0xCD27904;0xB00AE008;0x1E555252;0xAC523ED2;0x9A4413A8;",25.411,57000,57000,,
2026-07-07T06:12:05-04:00,333,rearm,VARYING,0/5,"0x58BC3634;0x543580AA;0xD5EE00C4;0x9EC20B6E;0x42F83EA0;",25.202,57000,58000,,
2026-07-07T06:12:21-04:00,334,rearm,VARYING,0/5,"0x78D3906;0x77FB830;0xCF88636C;0xF3FE9A60;0x7D7D24F2;",25.212,57000,57000,,
2026-07-07T06:12:36-04:00,335,rearm,VARYING,0/5,"0x6FD39046;0x2E18518E;0x5AB42F24;0x5AB42F24;0xE3E827E2;",25.237,57000,58000,,
2026-07-07T06:12:51-04:00,336,rearm,VARYING,0/5,"0x7C7379C;0xEC3F8C68;0x41AD6BA2;0x31ED4E66;0xCC493D18;",25.123,57000,57000,,
2026-07-07T06:13:06-04:00,337,rearm,VARYING,0/5,"0xF145ACB0;0xD42870CA;0xBA45223E;0x1BDEB1AC;0xC80A49E0;",25.254,55000,57000,,
2026-07-07T06:13:21-04:00,338,rearm,VARYING,0/5,"0x9F2C7400;0xC8A857FE;0xA7A204BA;0x92111958;0x7930864E;",25.45,56000,60000,,
2026-07-07T06:13:36-04:00,339,rearm,VARYING,0/5,"0x8B46D46E;0xAFDD6904;0x5FE00C36;0x156B980C;0xBFB110AE;",25.224,54000,58000,,
2026-07-07T06:13:51-04:00,340,rearm,VARYING,0/5,"0x4008A0FE;0x45996006;0x6AD94EE0;0xDA2BFBA6;0x30E55E72;",25.233,55000,57000,,
2026-07-07T06:15:40-04:00,341,reboot,VARYING,0/5,"0x83750612;0xC4895100;0x63CF8A66;0x3A8A6442;0xC18EF412;",25.09,57000,59000,,
2026-07-07T06:15:55-04:00,342,rearm,VARYING,0/5,"0xA03D1D54;0x5B1D5B10;0x533E3EB0;0x68409ACE;0xB27A76;",25.280,57000,59000,,
2026-07-07T06:16:10-04:00,343,rearm,VARYING,0/5,"0x85AD6DD2;0xA74B10;0x994C8176;0x8055CBA2;0xCA48ECD2;",25.22,57000,59000,,
2026-07-07T06:16:25-04:00,344,rearm,VARYING,0/5,"0x2265E51E;0x5D5595D4;0x4070C970;0x864CE474;0x34990B12;",25.161,56000,57000,,
2026-07-07T06:16:40-04:00,345,rearm,VARYING,0/5,"0x907E9024;0xF2EAB4D2;0xFD517D34;0xCC12734E;0xA35CEEE4;",25.29,57000,59000,,
2026-07-07T06:16:55-04:00,346,rearm,VARYING,0/5,"0x5FB9B344;0x930792C6;0x930792C6;0xB8448A68;0x24512AFA;",25.100,56000,59000,,
2026-07-07T06:17:10-04:00,347,rearm,VARYING,0/5,"0x74D08CE0;0xFE97F1B4;0x7E7F1C52;0x7F8102DA;0x7C62410;",25.266,55000,58000,,
2026-07-07T06:17:25-04:00,348,rearm,VARYING,0/5,"0xFA755710;0x19D44002;0xDC766D3E;0x2;0x6FD92B20;",25.345,54000,59000,,
2026-07-07T06:17:41-04:00,349,rearm,VARYING,0/5,"0x1B443486;0x4391C88A;0x689A8588;0x182D936A;0x3F8FB698;",25.62,55000,59000,,
2026-07-07T06:17:56-04:00,350,rearm,VARYING,0/5,"0x3D1D3A2;0x9C544178;0x70A7980A;0x64D22B94;0xBA68FE86;",25.196,55000,58000,,
2026-07-07T06:19:49-04:00,351,reboot,VARYING,0/5,"0xE5F9A3A4;0xE5F9A3A4;0xB673A3EC;0x3DFF4098;0x3DFF4098;",25.260,58000,57000,,
2026-07-07T06:20:04-04:00,352,rearm,VARYING,0/5,"0x680F0E24;0x169E34C8;0x14892B88;0x39CC8E1E;0x1996F48A;",25.324,57000,57000,,
2026-07-07T06:20:19-04:00,353,rearm,VARYING,0/5,"0xED8200E0;0x906640FA;0x55EF9E64;0x1F807C;0xC5523DDC;",25.296,57000,57000,,
2026-07-07T06:20:34-04:00,354,rearm,VARYING,0/5,"0x3130BE26;0x11C8C608;0x3B38F5EC;0x4CC528B0;0x3F533B26;",25.32,56000,57000,,
2026-07-07T06:20:49-04:00,355,rearm,VARYING,0/5,"0xFACEA670;0x9279443E;0xDFB8DD12;0xDD110D64;0xFE9CFADE;",25.36,56000,58000,,
2026-07-07T06:21:05-04:00,356,rearm,VARYING,0/5,"0xA6769CE0;0xE1F191EC;0x5F34B944;0x26969FE2;0x2D7721F0;",25.189,57000,58000,,
2026-07-07T06:21:20-04:00,357,rearm,VARYING,0/5,"0x1BE0E554;0x1A98166A;0x2DF50FA8;0x1112562C;0x1A8D820;",25.188,56000,60000,,
2026-07-07T06:21:35-04:00,358,rearm,VARYING,0/5,"0x8AF27AC0;0xF1B13EBA;0xE0E5CEB4;0x7CC2A0DA;0x6412E03A;",24.916,54000,60000,,
2026-07-07T06:21:50-04:00,359,rearm,VARYING,0/5,"0xA4BB0C80;0x3BC44DC2;0x2F63B294;0xA51BA566;0xD416B72E;",25.59,56000,57000,,
2026-07-07T06:22:05-04:00,360,rearm,VARYING,0/5,"0x646C2CD0;0x8E58EAB4;0x65323A32;0x7D50610A;0x85BDCE9C;",25.186,56000,57000,,
2026-07-07T06:23:56-04:00,361,reboot,VARYING,0/5,"0xF196352C;0x879E6264;0x8F234160;0xB9132FE0;0x381E7978;",25.176,58000,58000,,
2026-07-07T06:24:11-04:00,362,rearm,VARYING,0/5,"0x3E59F53E;0x4F8D4CAA;0xE7D5D0CC;0x3E44D6F2;0xA9DA05A8;",25.134,58000,58000,,
2026-07-07T06:24:26-04:00,363,rearm,VARYING,0/5,"0x4AD78F44;0x880C053E;0x60626284;0x3E8E3B18;0xFB163C46;",25.328,57000,58000,,
2026-07-07T06:24:41-04:00,364,rearm,VARYING,0/5,"0xBD61950;0x16A453B6;0x2E93D91C;0x90281B06;0x41403022;",25.185,56000,58000,,
2026-07-07T06:24:56-04:00,365,rearm,VARYING,0/5,"0x8DE9659C;0x847831DA;0x2EA34EA4;0xCB24C008;0x80214CA;",24.945,55000,57000,,
2026-07-07T06:25:11-04:00,366,rearm,VARYING,0/5,"0x8EBD06DC;0x88350066;0xEF15636;0xB6254972;0xAACF3D6;",25.405,56000,58000,,
2026-07-07T06:25:26-04:00,367,rearm,VARYING,0/5,"0xDC579B3C;0xBD30D502;0x3CD633B4;0x4CA6B902;0xE118AA4;",25.294,56000,57000,,
2026-07-07T06:25:42-04:00,368,rearm,VARYING,0/5,"0x1908DC02;0x2D7659CE;0x4651FF5E;0x3F9E28B4;0x85991B46;",25.233,56000,57000,,
2026-07-07T06:25:57-04:00,369,rearm,VARYING,0/5,"0x60F23804;0xB8A4500C;0x6DEB69D6;0xF0C07F56;0x56BB8CE6;",24.958,55000,57000,,
2026-07-07T06:26:12-04:00,370,rearm,VARYING,0/5,"0x6109AFE0;0xDE506094;0xDE506094;0xDE506094;0xB1B7AB6A;",25.205,54000,57000,,
2026-07-07T06:28:03-04:00,371,reboot,VARYING,0/5,"0xE8EB9EE4;0x55501AA2;0x38FAF8F2;0xE8A02AC6;0x9630999C;",25.283,59000,59000,,
2026-07-07T06:28:18-04:00,372,rearm,VARYING,0/5,"0x80920A56;0xA96D504A;0x15876C5E;0x22BD228;0xB3C202E6;",25.92,57000,57000,,
2026-07-07T06:28:33-04:00,373,rearm,VARYING,0/5,"0xDB1A2074;0x378B7F40;0x3D176FB8;0x7F80D7BE;0x7F80D7BE;",25.350,55000,57000,,
2026-07-07T06:28:48-04:00,374,rearm,VARYING,0/5,"0xC22DDF44;0xB4E87C0E;0xB98BB10;0x37778B02;0xC86AEC82;",25.107,55000,58000,,
2026-07-07T06:29:03-04:00,375,rearm,VARYING,0/5,"0x21597D58;0x59D40120;0x147D5EAA;0xC10907B8;0xF56BAD64;",25.29,55000,57000,,
2026-07-07T06:29:19-04:00,376,rearm,VARYING,0/5,"0xE96697EA;0x5302BB2C;0x3381EEBC;0x973959A8;0x178C01D4;",25.189,54000,57000,,
2026-07-07T06:29:34-04:00,377,rearm,VARYING,0/5,"0x495CD666;0x7C6115D6;0xF9CF2262;0xFDB642E0;0xA9B26FDA;",25.263,56000,57000,,
2026-07-07T06:29:49-04:00,378,rearm,VARYING,0/5,"0x58C87B7C;0x1CE4A072;0x4FC3B5A0;0x4FC3B5A0;0x4FC3B5A0;",24.955,56000,57000,,
2026-07-07T06:30:04-04:00,379,rearm,VARYING,0/5,"0x6BEC9952;0x231C79A6;0x8D7D6408;0x6A2A56A0;0xFC668028;",25.470,54000,57000,,
2026-07-07T06:30:19-04:00,380,rearm,VARYING,0/5,"0x9001AF32;0xB9F43102;0xE746984;0xE2F33C0;0x8AF2F312;",25.335,56000,57000,,
2026-07-07T06:32:07-04:00,381,reboot,VARYING,0/5,"0x8C532066;0xA50836E0;0x495A4166;0xDF4BE510;0x52B135D6;",24.915,59000,57000,,
2026-07-07T06:32:22-04:00,382,rearm,VARYING,0/5,"0x5D7E3716;0x52BADF48;0xF921073E;0x164BA00C;0x5A64F3F8;",25.118,58000,58000,,
2026-07-07T06:32:38-04:00,383,rearm,VARYING,0/5,"0xFE63C262;0xE3FE415E;0x1FFAAA96;0xF34BF33E;0x4CE05938;",25.406,55000,58000,,
2026-07-07T06:32:53-04:00,384,rearm,VARYING,0/5,"0x3845219E;0x5BE483E4;0x83B093B8;0x53E39C4E;0x4D380BB4;",25.288,57000,57000,,
2026-07-07T06:33:08-04:00,385,rearm,VARYING,0/5,"0x385CCF18;0x2E3292BE;0x231881E6;0x77BB4996;0x40ED916C;",25.302,56000,57000,,
2026-07-07T06:33:23-04:00,386,rearm,VARYING,0/5,"0xD62E7CBC;0xD5768AE8;0xF4E0E162;0xAA97D7A;0x65D6A5C2;",25.84,57000,57000,,
2026-07-07T06:33:38-04:00,387,rearm,VARYING,0/5,"0xD6E37234;0x31C20FA;0x5800855C;0x642801A6;0x85376A60;",24.919,54000,57000,,
2026-07-07T06:33:53-04:00,388,rearm,VARYING,0/5,"0x944BCAFE;0x112B2C84;0x5169B4EA;0xD5B48190;0x51DF1606;",25.124,54000,57000,,
2026-07-07T06:34:08-04:00,389,rearm,VARYING,0/5,"0x2D2BA39A;0x27684F4E;0xC47D0808;0xF987FBF8;0x28236CA2;",25.427,54000,57000,,
2026-07-07T06:34:24-04:00,390,rearm,VARYING,0/5,"0xDA7F702C;0x4BABE8E0;0x65C71B12;0x61898AB4;0xEB18FA3A;",25.143,55000,57000,,
2026-07-07T06:36:17-04:00,391,reboot,VARYING,0/5,"0x6EABA65A;0x2BA50D8E;0x7B4238B2;0x81176494;0x5ED53468;",25.375,59000,59000,,
2026-07-07T06:36:32-04:00,392,rearm,VARYING,0/5,"0x155D8E04;0x824655EE;0xFB20A5D4;0x7B307676;0x1E6A2324;",25.69,57000,57000,,
2026-07-07T06:36:47-04:00,393,rearm,VARYING,0/5,"0x8ABD0890;0xB37F56D2;0xD2FD0;0x45B8C4D4;0x7E79EE12;",25.189,56000,57000,,
2026-07-07T06:37:02-04:00,394,rearm,VARYING,0/5,"0x586791F4;0x365646CE;0xE9089948;0xAA09AC6A;0xC75DA59A;",24.980,55000,59000,,
2026-07-07T06:37:17-04:00,395,rearm,VARYING,0/5,"0x22F30C76;0xD8F4630;0x6DE4B5E2;0xEAB2D14;0x21D2F3B0;",25.62,56000,58000,,
2026-07-07T06:37:32-04:00,396,rearm,VARYING,0/5,"0x79F90478;0x39EC0432;0x606A62AE;0x5C8747FA;0x5C8747FA;",25.296,55000,57000,,
2026-07-07T06:37:48-04:00,397,rearm,VARYING,0/5,"0x6AA27E5E;0xD5A4624E;0xB6E7C026;0xB97BA6DA;0x9F6C3C7E;",24.956,55000,58000,,
2026-07-07T06:38:03-04:00,398,rearm,VARYING,0/5,"0x98ABFFFE;0xC3C731BC;0xE601504;0xA985174E;0x3AC55886;",25.402,55000,57000,,
2026-07-07T06:38:18-04:00,399,rearm,VARYING,0/5,"0x82FA4A;0x4CD32CEA;0x8A0DB028;0x9B5F5C5C;0xA0094E42;",25.125,55000,59000,,
2026-07-07T06:38:33-04:00,400,rearm,VARYING,0/5,"0x9687C2D6;0x5A2E481E;0x638B1E9C;0x20322E80;0xBEA16C46;",25.290,55000,57000,,
2026-07-07T06:40:22-04:00,401,reboot,VARYING,0/5,"0xA4A2CF98;0xC5A09334;0xD1914F3C;0xCF1C31DA;0x5501FF20;",24.956,57000,58000,,
2026-07-07T06:40:37-04:00,402,rearm,VARYING,0/5,"0xD140D658;0x1CC71B4C;0xF51B3B84;0x691EC59C;0x694DB258;",25.55,57000,57000,,
2026-07-07T06:40:52-04:00,403,rearm,VARYING,0/5,"0x18365CE0;0xCC43B128;0x69DAF59A;0xE293B014;0x53325314;",25.352,57000,58000,,
2026-07-07T06:41:07-04:00,404,rearm,VARYING,0/5,"0xAE2B9088;0x953C4190;0x49C4866A;0x65DBC20;0x68BCDA90;",25.155,55000,57000,,
2026-07-07T06:41:22-04:00,405,rearm,VARYING,0/5,"0x64097938;0x214DAFE;0xEBCB0CE;0x5DB14C74;0x8E306394;",25.182,55000,58000,,
2026-07-07T06:41:37-04:00,406,rearm,VARYING,0/5,"0x45091372;0xC5954AD6;0xD7604BA2;0xC3224D22;0x53871216;",25.268,54000,57000,,
2026-07-07T06:41:53-04:00,407,rearm,VARYING,0/5,"0x230250DA;0xE8DBCDCC;0x444E226C;0x76C37970;0xA4B0A6F6;",25.192,57000,57000,,
2026-07-07T06:42:08-04:00,408,rearm,VARYING,0/5,"0x306AE590;0x5861305C;0x56851304;0x2DA597C;0x34E0A232;",24.999,54000,59000,,
2026-07-07T06:42:23-04:00,409,rearm,VARYING,0/5,"0xA72C7D00;0x14A0FFA8;0xDD9571E0;0x4F5A5E9E;0xCC750226;",25.348,56000,58000,,
2026-07-07T06:42:38-04:00,410,rearm,VARYING,0/5,"0x68CBA792;0xE794783E;0x4E1FFC1C;0x2831C1AC;0x4E806B0;",25.285,55000,60000,,
2026-07-07T06:44:25-04:00,411,reboot,VARYING,0/5,"0x2177D46A;0x5903261A;0x2ED1FA8E;0xE47F3ABA;0xCC74EB6;",25.176,57000,58000,,
2026-07-07T06:44:40-04:00,412,rearm,VARYING,0/5,"0xEE9CA02E;0x3B6ECAB4;0x64235210;0xCDC9BBEC;0x15823D34;",25.62,58000,57000,,
2026-07-07T06:44:55-04:00,413,rearm,VARYING,0/5,"0x53E22722;0xDFFE24AC;0x2770F616;0xC8D11D12;0xCBAB176;",25.105,57000,57000,,
2026-07-07T06:45:10-04:00,414,rearm,STABLEWRONG,0/5,"0xA07CA0;0xA07CA0;0xA07CA0;0xA07CA0;0x6383C30A;",24.988,57000,58000,,
2026-07-07T06:45:26-04:00,415,rearm,VARYING,0/5,"0x1BB803D8;0xAB681968;0x20C81AE4;0x682EF612;0x85FCD06E;",25.136,55000,59000,,
2026-07-07T06:45:41-04:00,416,rearm,VARYING,0/5,"0x48887722;0xAE99C986;0x89122C74;0x781EE9A8;0x2501F2BA;",25.14,56000,59000,,
2026-07-07T06:45:56-04:00,417,rearm,VARYING,0/5,"0x62FBC5A2;0x8A60C294;0x7FE0102C;0x9AF18C84;0x46F46A62;",25.392,56000,58000,,
2026-07-07T06:46:11-04:00,418,rearm,VARYING,0/5,"0x6D73C236;0x35518E84;0xA98F0A32;0x161199EA;0x0;",25.182,55000,59000,,
2026-07-07T06:46:26-04:00,419,rearm,VARYING,0/5,"0xA62D1634;0x6A4C64BC;0xDB247B64;0xE1AB3380;0x48552C1A;",25.215,55000,57000,,
2026-07-07T06:46:41-04:00,420,rearm,VARYING,0/5,"0xBABACBEC;0xBABACBEC;0xBABACBEC;0x86565E8A;0xE60E98C0;",25.307,55000,57000,,
2026-07-07T06:48:29-04:00,421,reboot,VARYING,0/5,"0xA474BA10;0x3320502;0x753B6206;0x1E2F762A;0x787933B2;",25.267,59000,58000,,
2026-07-07T06:48:45-04:00,422,rearm,VARYING,0/5,"0xD8858A8A;0x65D4D71C;0x1D413FEC;0x471CB2B0;0xE4D264E4;",25.280,58000,59000,,
2026-07-07T06:49:00-04:00,423,rearm,VARYING,0/5,"0xD6E3A540;0xAF8A52EA;0x28B75C42;0x17CE98A;0x1F3FDC32;",25.270,57000,58000,,
2026-07-07T06:49:15-04:00,424,rearm,VARYING,0/5,"0x66560EE8;0x3184304A;0xEBCC71EC;0x6A76E12E;0x33785866;",25.234,56000,59000,,
2026-07-07T06:49:30-04:00,425,rearm,VARYING,0/5,"0x3F63F3A4;0xE28B5DCE;0xCCB8B8F6;0xC5421AB8;0x9ED48CA2;",25.381,55000,57000,,
2026-07-07T06:49:45-04:00,426,rearm,VARYING,0/5,"0xA2A41C98;0xFF883932;0xE143F1E4;0x102C3E66;0x9457820E;",25.193,55000,58000,,
2026-07-07T06:50:00-04:00,427,rearm,VARYING,0/5,"0x382BB9BE;0xE326F0CE;0x8CE7795A;0x5C4338A4;0x4EB99C1C;",24.918,55000,58000,,
2026-07-07T06:50:15-04:00,428,rearm,VARYING,0/5,"0x5DC5BE30;0xD6D684FA;0x321F9E1E;0xE1E4CE76;0x948D699E;",24.967,54000,58000,,
2026-07-07T06:50:31-04:00,429,rearm,VARYING,0/5,"0x8ACE6248;0x50390888;0xB3131B20;0x7F3D8E9E;0xDC422AAC;",25.189,55000,58000,,
2026-07-07T06:50:46-04:00,430,rearm,VARYING,0/5,"0x2110FB74;0x699AAE8;0x6E9101D6;0x7037FE06;0xE7E4BCCE;",25.141,54000,58000,,
2026-07-07T06:52:34-04:00,431,reboot,VARYING,0/5,"0xC9D3973A;0xE8CBE9C6;0x6B4DAE08;0xC60E7B6;0xB2020D32;",25.228,58000,60000,,
2026-07-07T06:52:49-04:00,432,rearm,VARYING,0/5,"0x1FE87A12;0x4C2E3D48;0xBBCBF62C;0xE697B44E;0x3C8E5B14;",25.33,57000,60000,,
2026-07-07T06:53:04-04:00,433,rearm,VARYING,0/5,"0x5694F202;0xC745F01C;0x4296DD4E;0x3B820702;0x305B3240;",25.31,57000,59000,,
2026-07-07T06:53:19-04:00,434,rearm,VARYING,0/5,"0x336E586E;0xD4918084;0x281E16E8;0x64BFB7DC;0xBDE9C51C;",25.133,57000,58000,,
2026-07-07T06:53:34-04:00,435,rearm,VARYING,0/5,"0x9AEE3A0C;0x9D14EABC;0xA3912D0C;0xC7E2068;0xC8D723FC;",25.164,55000,59000,,
2026-07-07T06:53:50-04:00,436,rearm,VARYING,0/5,"0xAC890046;0x8D17C9FC;0x8BD6165A;0xD2565950;0x33B2E580;",25.229,55000,58000,,
2026-07-07T06:54:05-04:00,437,rearm,VARYING,0/5,"0x428AE39C;0x171ED2E4;0xF40781C4;0xC908118C;0x456EAF70;",25.119,56000,59000,,
2026-07-07T06:54:20-04:00,438,rearm,VARYING,0/5,"0xFDBEE85A;0xBE1E1D96;0x2DA681F2;0xF92E0D10;0x3803631E;",25.484,56000,59000,,
2026-07-07T06:54:35-04:00,439,rearm,VARYING,0/5,"0x7D162F0A;0x6F842492;0x6F842492;0x57A1CAB0;0x3CD417D0;",25.403,55000,59000,,
2026-07-07T06:54:50-04:00,440,rearm,VARYING,0/5,"0x18779276;0x7A63AC16;0xD627598E;0x2BA0FADE;0x298C2028;",25.290,54000,58000,,
2026-07-07T06:56:33-04:00,441,reboot,VARYING,0/5,"0x6FA41B76;0x24032CA4;0x8FA0562C;0x11E40F34;0x801DFED2;",25.206,59000,58000,,
2026-07-07T06:56:48-04:00,442,rearm,VARYING,0/5,"0x89B69A54;0xA47A1638;0x1624B22C;0x8E54B266;0xC4C9C2A;",25.211,60000,58000,,
2026-07-07T06:57:03-04:00,443,rearm,VARYING,0/5,"0x11609E18;0x82F55784;0x67059098;0x8DFC99C6;0x78A12238;",25.193,57000,57000,,
2026-07-07T06:57:18-04:00,444,rearm,VARYING,0/5,"0xEF3A8D36;0x491D88DA;0x5A70F646;0x249562C8;0xB3569770;",25.279,57000,58000,,
2026-07-07T06:57:33-04:00,445,rearm,VARYING,0/5,"0x326D4F50;0x309AE0B6;0xD94CE528;0x41ED43D6;0xA0B3A98E;",25.214,56000,58000,,
2026-07-07T06:57:49-04:00,446,rearm,VARYING,0/5,"0x3A28FD8E;0x8FA58C76;0x13F513DE;0x96C2D9F0;0xB374404E;",25.296,57000,58000,,
2026-07-07T06:58:04-04:00,447,rearm,VARYING,0/5,"0x9679961C;0x9679961C;0x9679961C;0x2B634D58;0xB504C35C;",25.77,54000,58000,,
2026-07-07T06:58:19-04:00,448,rearm,VARYING,0/5,"0x45C369FE;0x18495ED8;0xE54FED12;0x55039210;0xE5BD452;",24.980,55000,58000,,
2026-07-07T06:58:34-04:00,449,rearm,VARYING,0/5,"0xBC82FA70;0xCA8CA8AC;0xD266F6C;0xF9D78D74;0x0;",25.348,54000,58000,,
2026-07-07T06:58:49-04:00,450,rearm,VARYING,0/5,"0x5F96188;0xC68B1196;0xACACDBC6;0xE96681FA;0x50116440;",25.330,56000,59000,,
2026-07-07T07:00:39-04:00,451,reboot,VARYING,0/5,"0xA3B748A0;0xB7561232;0xD1AC15AC;0xF81C19EC;0xE7C7E45E;",25.151,58000,57000,,
2026-07-07T07:00:54-04:00,452,rearm,VARYING,0/5,"0xDE5140C8;0x1492E7D8;0x4D339976;0x3613D39C;0x49C165DA;",25.01,59000,59000,,
2026-07-07T07:01:10-04:00,453,rearm,VARYING,0/5,"0xD3222918;0x5A8931B8;0x300873DA;0x3240C3B6;0x561FC43C;",25.358,57000,58000,,
2026-07-07T07:01:25-04:00,454,rearm,VARYING,0/5,"0x2E16E676;0xF7A3B7AE;0x291EA2BE;0xFD563AAA;0x652E69F8;",25.222,56000,58000,,
2026-07-07T07:01:40-04:00,455,rearm,VARYING,0/5,"0xEF6C3C48;0x9A18DD78;0x3311459E;0x66C7E156;0x93033F80;",25.102,56000,60000,,
2026-07-07T07:01:55-04:00,456,rearm,VARYING,0/5,"0x54242CCE;0x48FAD746;0xCACA7B4E;0xA6B05910;0x5C60FFC8;",25.397,54000,59000,,
2026-07-07T07:02:10-04:00,457,rearm,VARYING,0/5,"0x67F28B7A;0x340F706A;0xE8D78F9E;0x419053AA;0x419053AA;",25.236,55000,58000,,
2026-07-07T07:02:25-04:00,458,rearm,VARYING,0/5,"0x2B0FC40A;0x1C851A3C;0xFE1A1128;0x6EF8B28E;0xC1F021DA;",25.218,57000,57000,,
2026-07-07T07:02:40-04:00,459,rearm,VARYING,0/5,"0x4870ECBE;0x1199932;0x67B5D19E;0xA344CA52;0xD1C02CD6;",25.159,56000,58000,,
2026-07-07T07:02:55-04:00,460,rearm,VARYING,0/5,"0xE76C87E2;0xF143E024;0x22EF96C6;0x205419E8;0xC621490A;",25.339,57000,59000,,
2026-07-07T07:04:53-04:00,461,reboot,STABLEWRONG,0/5,"0x0;0x0;0x0;0x0;0x0;",16.214,59000,57000,,
2026-07-07T07:05:08-04:00,462,rearm,STABLEWRONG,0/5,"0xB0E8EA78;0x0;0x0;0x0;0x0;",17.325,57000,60000,,
2026-07-07T07:05:23-04:00,463,rearm,STABLEWRONG,0/5,"0x0;0x0;0x0;0x0;0x0;",16.430,57000,59000,,
2026-07-07T07:05:38-04:00,464,rearm,STABLEWRONG,0/5,"0x0;0x0;0x0;0x0;0x0;",16.993,57000,59000,,
2026-07-07T07:05:53-04:00,465,rearm,DEAD,0/5,"0x0;0x0;0x6;0xC8AE0000;0xA9AFF1B6;",17.137,57000,58000,,
2026-07-07T07:06:08-04:00,466,rearm,VARYING,0/5,"0x5901E9C0;0x64B35754;0x6073E186;0xA3744890;0xFE963E96;",16.933,57000,58000,,
2026-07-07T07:06:23-04:00,467,rearm,VARYING,0/5,"0x978B2422;0xBEC04A00;0xEFFC3040;0x19800200;0x0;",17.41,55000,60000,,
2026-07-07T07:06:38-04:00,468,rearm,VARYING,0/5,"0x93B8FFF8;0x16744B56;0xCCE7460A;0x0;0xC178872C;",17.208,56000,58000,,
2026-07-07T07:06:53-04:00,469,rearm,VARYING,0/5,"0x246C987A;0x796AE23A;0xE89F6958;0xE8608B76;0x23899F44;",17.30,55000,57000,,
2026-07-07T07:07:09-04:00,470,rearm,STABLEWRONG,0/5,"0x0;0x0;0x0;0x0;0x0;",17.303,56000,58000,,
2026-07-07T07:08:52-04:00,471,reboot,VARYING,0/5,"0x3A013A20;0x92BBBC3E;0x6911DD6E;0xF90CDE72;0xA5D38A2E;",24.886,59000,59000,,
2026-07-07T07:09:07-04:00,472,rearm,VARYING,0/5,"0xB8B898E4;0xF34A07F2;0xD8942332;0x1C6239CE;0x378F5108;",25.176,58000,57000,,
2026-07-07T07:09:22-04:00,473,rearm,VARYING,0/5,"0xCB4778E8;0xBC068FCA;0x8FE6CB4;0x41E3E6A0;0x7BEA440;",25.336,57000,57000,,
2026-07-07T07:09:37-04:00,474,rearm,VARYING,0/5,"0xC44CD14C;0x10FE84D6;0x40CEA7A0;0x7829F212;0x553E228;",25.256,56000,59000,,
2026-07-07T07:09:52-04:00,475,rearm,VARYING,0/5,"0x7B759F0C;0xDBF30E4E;0xFF57159A;0xEB95D13C;0x42C9050E;",25.372,57000,58000,,
2026-07-07T07:10:07-04:00,476,rearm,VARYING,0/5,"0x9450CE40;0xEF6CAC00;0x96AF6622;0x80009D24;0xFE700074;",25.263,56000,58000,,
2026-07-07T07:10:23-04:00,477,rearm,VARYING,0/5,"0x409C13A6;0x4948A1B6;0x4961239E;0xF3410516;0xE9A0A118;",25.326,55000,59000,,
2026-07-07T07:10:38-04:00,478,rearm,VARYING,0/5,"0x9AC28E74;0x52F51A72;0xE57DEAC8;0x89C405A6;0xD6E9C8E6;",25.291,55000,59000,,
2026-07-07T07:10:53-04:00,479,rearm,VARYING,0/5,"0x8B5563AE;0x0;0x1E8589DC;0x15B45AB0;0xB2708F62;",25.269,56000,57000,,
2026-07-07T07:11:08-04:00,480,rearm,VARYING,0/5,"0xF6959CE0;0x8492D87C;0xE9EDBD1C;0x3284220E;0xE0AC2042;",25.457,54000,58000,,
2026-07-07T07:13:14-04:00,481,reboot,VARYING,0/5,"0x6FCDD5AE;0x2A23FD4;0x9663C074;0x8BE3CBDA;0x4F53AFD2;",25.146,58000,60000,,
2026-07-07T07:13:29-04:00,482,rearm,VARYING,0/5,"0x249DB0BC;0x38E84144;0xA351EC98;0x2D11C748;0x1DA66354;",25.206,57000,58000,,
2026-07-07T07:13:45-04:00,483,rearm,VARYING,0/5,"0x4EA76722;0x2399E2FC;0xC97DBCE0;0x432B9A72;0xF454CF3E;",25.142,57000,58000,,
2026-07-07T07:14:00-04:00,484,rearm,VARYING,0/5,"0xE85E1B1E;0xB49493AA;0xE6A0A6CA;0x720108AC;0xAA678428;",25.294,57000,59000,,
2026-07-07T07:14:15-04:00,485,rearm,VARYING,0/5,"0xB9E2A2EE;0xB1E02974;0x13F7874A;0x731A87F6;0x7A6BC82C;",25.38,57000,59000,,
2026-07-07T07:14:30-04:00,486,rearm,VARYING,0/5,"0xA24DBC0C;0xC1F10EAA;0x5CB09850;0x829487C6;0xF546FAD2;",25.245,57000,57000,,
2026-07-07T07:14:45-04:00,487,rearm,VARYING,0/5,"0xC4E3D2E0;0x7030A1E2;0x58E42CFC;0xE23D62E6;0xEE0C1E2A;",25.333,57000,57000,,
2026-07-07T07:15:00-04:00,488,rearm,VARYING,0/5,"0x684114D0;0xF339DF3E;0xC7A59F20;0x2DF3272;0x4B7827AA;",25.158,55000,58000,,
2026-07-07T07:15:15-04:00,489,rearm,VARYING,0/5,"0x76D1D7F2;0xBF7D215E;0x67515F56;0xB94849A2;0xA7F08A64;",25.120,54000,58000,,
2026-07-07T07:15:30-04:00,490,rearm,VARYING,0/5,"0xAD172620;0xAF5BD408;0x76239664;0x59DD11C0;0x3C13F3D0;",25.466,55000,58000,,
2026-07-07T07:17:31-04:00,491,reboot,VARYING,0/5,"0x7DC3BCF0;0xD48B9A38;0x68DD044E;0x3DB1013C;0x84ECFCE;",25.127,59000,60000,,
2026-07-07T07:17:46-04:00,492,rearm,VARYING,0/5,"0x1004C8FE;0xB262FCEE;0x8A1DBA18;0x6E807334;0xB264C8BC;",25.255,58000,58000,,
2026-07-07T07:18:01-04:00,493,rearm,VARYING,0/5,"0xA553A5DA;0xA553A5DA;0xA553A5DA;0xCE11669E;0x771D45D4;",25.305,57000,58000,,
2026-07-07T07:18:16-04:00,494,rearm,VARYING,0/5,"0x51E4B8E4;0x3B42AD8C;0x18EB493C;0x200C7EDC;0xD995025E;",25.189,56000,57000,,
2026-07-07T07:18:31-04:00,495,rearm,VARYING,0/5,"0xA8516876;0xD8BD2372;0xD8BD2372;0x240EBA90;0x44E52852;",25.111,54000,58000,,
2026-07-07T07:18:46-04:00,496,rearm,VARYING,0/5,"0x4EEE23D2;0xEF68240E;0xAE160606;0x75EE755C;0x8ECFADEC;",25.214,55000,57000,,
2026-07-07T07:19:02-04:00,497,rearm,VARYING,0/5,"0xE7693F22;0xA8D5897A;0x9B14FC;0xDD727BEA;0x4F0BD76C;",25.375,56000,57000,,
2026-07-07T07:19:17-04:00,498,rearm,VARYING,0/5,"0xAB0363AA;0x70E7F41A;0xD9E56882;0x6400D17E;0xCB39859A;",25.277,56000,58000,,
2026-07-07T07:19:32-04:00,499,rearm,VARYING,0/5,"0x48DD6B4A;0x97C00586;0xB504A900;0xB613FFB0;0xC0FF1846;",25.433,55000,59000,,
2026-07-07T07:19:47-04:00,500,rearm,VARYING,0/5,"0x11236B96;0xE079D7AC;0x55C8AB1A;0xB0E5B052;0x8EFD0B10;",25.380,54000,59000,,
2026-07-07T07:21:35-04:00,501,reboot,VARYING,0/5,"0x95951632;0x11693638;0x6043997A;0xB8237930;0xDD46C474;",25.117,59000,57000,,
2026-07-07T07:21:50-04:00,502,rearm,VARYING,0/5,"0x92061CBC;0x92061CBC;0x12E78380;0x5E01E74A;0x44C796AC;",25.265,57000,58000,,
2026-07-07T07:22:06-04:00,503,rearm,VARYING,0/5,"0xD29B3E9E;0xD43778B2;0x2A6E05B6;0x8CB38716;0xE9A57472;",25.230,57000,58000,,
2026-07-07T07:22:21-04:00,504,rearm,VARYING,0/5,"0xCB8D45E;0xBAD9BA8E;0x7A75CFC;0x9BB3605C;0x8E60F12;",25.257,56000,59000,,
2026-07-07T07:22:36-04:00,505,rearm,VARYING,0/5,"0x1C5644C6;0x9A2C6D2A;0x71DD1BEE;0x640CF9C8;0x4F991650;",25.329,55000,57000,,
2026-07-07T07:22:51-04:00,506,rearm,VARYING,0/5,"0xA1FC4A2E;0xA1FC4A2E;0x7EA4A88;0xBCD89E50;0xBCD89E50;",24.967,54000,59000,,
2026-07-07T07:23:06-04:00,507,rearm,VARYING,0/5,"0x6BB517F2;0x78C7502C;0xF08D6962;0x7C58BA2A;0xABEF6A80;",25.237,56000,59000,,
2026-07-07T07:23:21-04:00,508,rearm,VARYING,0/5,"0x16709A1C;0x18D84904;0x182F336A;0x1202D9AC;0x50ED1B00;",24.985,55000,59000,,
2026-07-07T07:23:36-04:00,509,rearm,VARYING,0/5,"0xD6AF23F2;0x83A04780;0x83A04780;0x7A636B0;0x894FEDE6;",24.946,55000,58000,,
2026-07-07T07:23:51-04:00,510,rearm,VARYING,0/5,"0xCC8FBD18;0x802519A8;0x8FDBD46C;0xACD658EA;0xDE23B800;",24.991,54000,57000,,
2026-07-07T07:25:40-04:00,511,reboot,VARYING,0/5,"0xBFFF1DCC;0x90928202;0xE21174CE;0xC282E852;0xEB9CFC74;",25.538,58000,58000,,
2026-07-07T07:25:55-04:00,512,rearm,VARYING,0/5,"0xC01B58EA;0xB8446788;0x3A0F6386;0x150B3A0E;0x92B94284;",25.281,57000,60000,,
2026-07-07T07:26:10-04:00,513,rearm,VARYING,0/5,"0x7D911DAC;0x1A27FADE;0x1A27FADE;0xD5322CE4;0x69829712;",25.338,57000,57000,,
2026-07-07T07:26:25-04:00,514,rearm,VARYING,0/5,"0x8B2E2858;0x958E3A38;0x5C4328E0;0xFA2F0438;0xDD3AEC4E;",25.229,55000,57000,,
2026-07-07T07:26:40-04:00,515,rearm,VARYING,0/5,"0x247F2EC0;0x7FC4E9A;0x75D66A56;0x43E24BEE;0xFABDE23E;",25.00,57000,57000,,
2026-07-07T07:26:55-04:00,516,rearm,VARYING,0/5,"0x5ADA06F2;0xCA96CD32;0xAFE88722;0x4A32E4EA;0xF481452;",25.151,56000,59000,,
2026-07-07T07:27:10-04:00,517,rearm,VARYING,0/5,"0xDD3D48A0;0xE0B9AC86;0xF5E68E9E;0xEA6625E;0x7AA160E0;",25.107,54000,58000,,
2026-07-07T07:27:26-04:00,518,rearm,VARYING,0/5,"0x49FE48E8;0x49FE48E8;0x44EC6CEC;0x40AA9752;0x3BB46574;",25.408,55000,57000,,
2026-07-07T07:27:41-04:00,519,rearm,VARYING,0/5,"0x3333894;0x1EBA5798;0xFAB0C444;0x83D17A5E;0x31DE19BA;",25.282,55000,57000,,
2026-07-07T07:27:56-04:00,520,rearm,VARYING,0/5,"0x3A096FA6;0xADC522A;0x58F1DEC8;0xA582CB10;0xC5690162;",25.129,55000,59000,,
2026-07-07T07:29:44-04:00,521,reboot,VARYING,0/5,"0x1706FA18;0x79A247E2;0x76F8D954;0x222430CC;0xB597D27A;",25.80,57000,58000,,
2026-07-07T07:29:59-04:00,522,rearm,VARYING,0/5,"0xC237A5A2;0x6460D086;0x42BC94C2;0x5A9590D8;0x8D7D4F24;",25.375,58000,57000,,
2026-07-07T07:30:14-04:00,523,rearm,VARYING,0/5,"0x32C03C16;0x72BDCCE4;0x9C58F118;0xB3CD4454;0xB3CD4454;",24.938,57000,57000,,
2026-07-07T07:30:30-04:00,524,rearm,VARYING,0/5,"0x8064A7D2;0xCAF2CEB6;0xE038D266;0xD6A33D18;0xFB08F5DC;",25.335,57000,58000,,
2026-07-07T07:30:45-04:00,525,rearm,VARYING,0/5,"0x73C8A4FE;0x4AA3C70C;0xBB9A06A6;0xC161559C;0xEB52F42;",25.231,57000,60000,,
2026-07-07T07:31:00-04:00,526,rearm,VARYING,0/5,"0x333FB09C;0x2D84FFB2;0x7B908A06;0x2582E196;0xFEAD7D30;",25.298,56000,58000,,
2026-07-07T07:31:15-04:00,527,rearm,VARYING,0/5,"0x8269964;0x5F0CFF4A;0x3803BF70;0x38316C0C;0x7F1BB66A;",25.263,56000,57000,,
2026-07-07T07:31:30-04:00,528,rearm,VARYING,0/5,"0xC9DA87D8;0xC9DA87D8;0x2D8F6BA4;0xE5B1940E;0x3A080ED2;",25.137,54000,58000,,
2026-07-07T07:31:45-04:00,529,rearm,VARYING,0/5,"0x57C118E6;0xB25D6502;0xDEBE00D6;0x94791468;0xC7A1D096;",25.368,55000,58000,,
2026-07-07T07:32:00-04:00,530,rearm,VARYING,0/5,"0x7B635914;0xB98E6B3C;0x14BA81A8;0x82ACB5F4;0x34E8D9FA;",25.349,55000,57000,,
2026-07-07T07:33:48-04:00,531,reboot,VARYING,0/5,"0x70C18114;0xF2C9BC0C;0xF2C9BC0C;0x36239920;0x9187A200;",24.934,59000,59000,,
2026-07-07T07:34:04-04:00,532,rearm,VARYING,0/5,"0x59098E6E;0x59C8E844;0x301CB174;0x73864816;0xBBA667F4;",25.202,56000,57000,,
2026-07-07T07:34:19-04:00,533,rearm,VARYING,0/5,"0x84D488D4;0xB76E3BC2;0x257B6288;0xF8946B5C;0xE07BAECA;",25.271,57000,59000,,
2026-07-07T07:34:34-04:00,534,rearm,VARYING,0/5,"0x29158D72;0xD2DF28E8;0x1DD8256A;0xA08E55B4;0xC168C15C;",25.299,57000,57000,,
2026-07-07T07:34:49-04:00,535,rearm,VARYING,0/5,"0x7BD9C932;0x80969D98;0xFF2E97E2;0x89A3F2FA;0x3A4EC4C6;",25.126,57000,57000,,
2026-07-07T07:35:04-04:00,536,rearm,VARYING,0/5,"0x4C68516C;0x2C7D98C8;0xE0F24BB2;0xFAE1915C;0x769C9D8C;",25.194,55000,57000,,
2026-07-07T07:35:19-04:00,537,rearm,VARYING,0/5,"0xF09A211E;0x1ACCBBAA;0xDF12CA80;0xB688076A;0x248F9158;",25.302,55000,60000,,
2026-07-07T07:35:34-04:00,538,rearm,VARYING,0/5,"0xE4B6134A;0x1676D958;0x3D283A72;0x458C65BA;0x22D98564;",25.25,55000,57000,,
2026-07-07T07:35:50-04:00,539,rearm,VARYING,0/5,"0x47769120;0x64484EC6;0xE21B94F8;0xC0288F6C;0x872F7E98;",25.286,54000,57000,,
2026-07-07T07:36:05-04:00,540,rearm,VARYING,0/5,"0x3A818F7A;0x6552B236;0x9DBE7534;0xAFBDC35C;0xD51FEFAC;",25.146,54000,57000,,
2026-07-07T07:37:53-04:00,541,reboot,VARYING,0/5,"0xE1F0A504;0xC608C3B6;0x0;0xF6225AEC;0xF0C7030E;",25.226,59000,59000,,
2026-07-07T07:38:08-04:00,542,rearm,VARYING,0/5,"0x7BF2B1DE;0xC8134828;0x4CDEF572;0x29ED7E6;0x7C008D94;",25.334,59000,57000,,
2026-07-07T07:38:23-04:00,543,rearm,VARYING,0/5,"0xC658224;0x2C012FDC;0x8FA325FE;0xDE276620;0xAA2D469C;",25.305,57000,57000,,
2026-07-07T07:38:38-04:00,544,rearm,VARYING,0/5,"0x4E879ED8;0xE0250C90;0x3B3357F4;0xAF0FC756;0x8F1834;",25.232,56000,57000,,
2026-07-07T07:38:53-04:00,545,rearm,VARYING,0/5,"0xA0FC6582;0x29B929E0;0xF8A4E086;0x50B23BB2;0x2AD56102;",25.328,55000,57000,,
2026-07-07T07:39:09-04:00,546,rearm,VARYING,0/5,"0x92A285AC;0x5930EC18;0xAB40AC2C;0xE2DB8E90;0x5EE8EA6A;",25.113,56000,57000,,
2026-07-07T07:39:24-04:00,547,rearm,VARYING,0/5,"0x42DBDE4A;0x42DBDE4A;0xBFE409C8;0xBFE409C8;0x738F6968;",24.996,55000,59000,,
2026-07-07T07:39:39-04:00,548,rearm,VARYING,0/5,"0x1A093BDE;0x27EB192A;0xE4A4976C;0xE782D990;0xB001D75C;",25.308,55000,57000,,
2026-07-07T07:39:54-04:00,549,rearm,VARYING,0/5,"0xDEA643E6;0xDEA643E6;0x11B48418;0xA6508942;0x9359CC88;",25.266,54000,59000,,
2026-07-07T07:40:09-04:00,550,rearm,VARYING,0/5,"0x9D6F75F4;0x42005CB4;0xBFCC1FD6;0xE695ACB6;0x935A63E0;",25.231,55000,57000,,
2026-07-07T07:42:02-04:00,551,reboot,VARYING,0/5,"0x100B1026;0xDC6CCA14;0xF7CB38E2;0x31FD51D8;0xB2BEB216;",25.216,60000,58000,,
2026-07-07T07:42:17-04:00,552,rearm,VARYING,0/5,"0x5B60A04E;0x645A8BF4;0xB3689038;0xBBDE301E;0x4B1BA950;",24.996,57000,59000,,
2026-07-07T07:42:32-04:00,553,rearm,VARYING,0/5,"0xD44EE234;0xC1E75254;0x581AF42E;0x3749D58C;0xB54060B8;",25.169,55000,59000,,
2026-07-07T07:42:47-04:00,554,rearm,VARYING,0/5,"0x26474400;0x9F14D53E;0x1D7D235E;0x432E1908;0xFDF5D7CC;",25.70,55000,57000,,
2026-07-07T07:43:02-04:00,555,rearm,VARYING,0/5,"0x88C488AC;0x3BDE1B98;0x2B60C03C;0x7B78070;0xC9682F58;",24.986,56000,57000,,
2026-07-07T07:43:18-04:00,556,rearm,VARYING,0/5,"0x347AE0B4;0x468FE150;0x655A5328;0xDFA337A0;0x2D4C2F60;",24.993,56000,58000,,
2026-07-07T07:43:33-04:00,557,rearm,VARYING,0/5,"0xA99143DA;0x7F0C5FE4;0x9E36B1D8;0x8596CE3A;0xBAF6A968;",25.289,55000,59000,,
2026-07-07T07:43:48-04:00,558,rearm,VARYING,0/5,"0x45C9F170;0x5D499758;0x5FDFA28C;0xE863B5D2;0xC591B2DC;",25.98,54000,58000,,
2026-07-07T07:44:03-04:00,559,rearm,VARYING,0/5,"0x8CC84CC8;0xC5B001B0;0x969976B2;0x9D214A70;0xE9B70998;",25.227,54000,57000,,
2026-07-07T07:44:18-04:00,560,rearm,VARYING,0/5,"0xC5623274;0x5F62E448;0xF87D36AE;0xD8250132;0xD8250132;",25.140,54000,57000,,
2026-07-07T07:46:01-04:00,561,reboot,VARYING,0/5,"0xCA6A62B0;0xE7E9B52C;0x1B48CAB0;0x391F67DE;0x2F1C8492;",25.341,58000,58000,,
2026-07-07T07:46:16-04:00,562,rearm,VARYING,0/5,"0xADD603B2;0xE61AD73A;0x5A9663CC;0x69E09436;0xC487117C;",25.162,57000,58000,,
2026-07-07T07:46:31-04:00,563,rearm,VARYING,0/5,"0xF83D2756;0x70809B26;0xDBC62090;0x379B6F6;0xAABC0946;",25.185,56000,57000,,
2026-07-07T07:46:47-04:00,564,rearm,VARYING,0/5,"0x17EBB058;0xC65813F4;0x31B63F4C;0x331FAC8E;0xCE34C9DC;",24.933,55000,57000,,
2026-07-07T07:47:02-04:00,565,rearm,VARYING,0/5,"0xBD71567A;0xCDC8D9EC;0x3A3F270E;0x74027D52;0xB54E346A;",25.273,57000,57000,,
2026-07-07T07:47:17-04:00,566,rearm,VARYING,0/5,"0xC044A6A0;0x84140842;0xD7D01C98;0x4F7C9590;0x1938ED3A;",25.340,55000,57000,,
2026-07-07T07:47:32-04:00,567,rearm,VARYING,0/5,"0x1F038ED8;0x6D9E4EB2;0x55EA340E;0xEFC81B48;0x7D056082;",25.320,55000,60000,,
2026-07-07T07:47:47-04:00,568,rearm,VARYING,0/5,"0x8C2CBDBE;0x7824CA06;0xE6B9CA52;0x22C90394;0x8EC2A98C;",25.315,56000,57000,,
2026-07-07T07:48:02-04:00,569,rearm,VARYING,0/5,"0x67B8127C;0x9EB90CB6;0x9EB90CB6;0x632A50A8;0x7687ECB8;",25.254,56000,58000,,
2026-07-07T07:48:17-04:00,570,rearm,VARYING,0/5,"0x955DCDC8;0x2D2F1DE4;0x12010D84;0xF1317876;0xD00A2D66;",25.96,55000,57000,,
2026-07-07T07:50:07-04:00,571,reboot,VARYING,0/5,"0x6C23DDA;0xFC0B792;0xABCA7A36;0x525F6AF4;0x53D3F5E2;",25.375,59000,58000,,
2026-07-07T07:50:22-04:00,572,rearm,VARYING,0/5,"0x511DFA3A;0x1A3D739A;0x181E8898;0xFA31B796;0x1551EC12;",25.117,57000,58000,,
2026-07-07T07:50:37-04:00,573,rearm,VARYING,0/5,"0xF91C75E2;0xCB68A8CC;0x82BB3EB2;0x49FF977A;0xFF97E4D8;",25.110,57000,59000,,
2026-07-07T07:50:52-04:00,574,rearm,VARYING,0/5,"0x284144A6;0xCD5C3802;0x99CE05B4;0xF2C22792;0x45592172;",24.934,57000,59000,,
2026-07-07T07:51:07-04:00,575,rearm,VARYING,0/5,"0x0;0x98890AA4;0x226343FE;0xA5B820AA;0x7332C1F4;",25.76,57000,57000,,
2026-07-07T07:51:23-04:00,576,rearm,VARYING,0/5,"0x39FA9EC0;0x6E043762;0x7AB25FB2;0x586D6EA;0x968708B2;",25.380,57000,57000,,
2026-07-07T07:51:38-04:00,577,rearm,VARYING,0/5,"0x2C59433E;0xD8DB2D64;0x69231D34;0x8FE19184;0xB482DD9A;",25.37,54000,58000,,
2026-07-07T07:51:53-04:00,578,rearm,VARYING,0/5,"0xB02EA602;0x7E6AF032;0x4628CF0;0xDDDCA162;0xDDDCA162;",25.304,55000,57000,,
2026-07-07T07:52:08-04:00,579,rearm,VARYING,0/5,"0x287421E;0x5B79B02;0x91A43250;0x1AC0C972;0xA017B3A4;",25.299,55000,59000,,
2026-07-07T07:52:23-04:00,580,rearm,VARYING,0/5,"0xA8206F16;0x9630988C;0x43805D0E;0x1ABDE8BE;0xB4AECBA2;",25.353,56000,57000,,
2026-07-07T07:54:13-04:00,581,reboot,VARYING,0/5,"0x883B064;0xFD558724;0x710EECFA;0x2;0xE76504F4;",24.920,59000,57000,,
2026-07-07T07:54:29-04:00,582,rearm,VARYING,0/5,"0x784700F6;0x7E21350;0x208A636;0x58C6CAF4;0xF3CAD7B0;",25.302,57000,60000,,
2026-07-07T07:54:44-04:00,583,rearm,VARYING,0/5,"0xEAD8ED62;0x42C86C78;0x7DBCC568;0x3CD2DED6;0x27DCD34A;",25.273,57000,58000,,
2026-07-07T07:54:59-04:00,584,rearm,VARYING,0/5,"0x8A8217C0;0xA7D5175A;0xAFCC7210;0xBD9F8FF8;0x10945D2;",24.879,56000,58000,,
2026-07-07T07:55:14-04:00,585,rearm,VARYING,0/5,"0x197C8F4;0xB05DDB16;0x6079FF44;0xE2290CA0;0xE2290CA0;",25.180,56000,58000,,
2026-07-07T07:55:29-04:00,586,rearm,VARYING,0/5,"0xB297C992;0x7081DCD2;0xB6D0918E;0xD70CD3D6;0x900AC2B0;",25.186,57000,59000,,
2026-07-07T07:55:44-04:00,587,rearm,VARYING,0/5,"0xFDCE92B0;0x41759000;0x28C95940;0x63ACE476;0x73CCC306;",25.246,56000,58000,,
2026-07-07T07:55:59-04:00,588,rearm,VARYING,0/5,"0xD1B085BA;0xC728E394;0x2C340A84;0x2178DF2;0x1F1E124A;",25.305,54000,60000,,
2026-07-07T07:56:14-04:00,589,rearm,VARYING,0/5,"0xBAE47414;0xBF4B669A;0x8275A470;0xF4C72DDE;0x9DCED27C;",25.255,55000,57000,,
2026-07-07T07:56:30-04:00,590,rearm,VARYING,0/5,"0x89D645CC;0xBC3C928E;0xC1448FDA;0xC1448FDA;0x4E9DB58;",25.271,54000,59000,,
2026-07-07T07:58:36-04:00,591,reboot,VARYING,0/5,"0xE362A386;0x56AF973C;0xD869458A;0xDBFBA306;0xAA4C12A4;",25.266,58000,59000,,
